P_sat (Pa) at 298.15K, Delta_H (kJ/mol) at 298.15K, SMILES, carbon_number, ASA_carbon_number, aromatic_ring, non_aromatic_ring,double_bound_nonaromatic_ring, nonaromatic_CCCO, hydroxyl, aldehyde, ketone, carboxylic_acid,ester, ether, alicyclic_ether, aromatic_ether, nitrate, nitro, aromatic_hydroxyl, primary_amine,secondary_amine, tertiary_amine, aromatic_amine, primary_amide, secondary_amide, tertiary_amide,carbonylperoxynitrate, peroxide, hydroperoxide, peroxide_acid, nitrophenol, nitroester,log P_sat(T) [atm], Antoine_Eq for logP_sat(T) [atm], Enthalpy of vaporization (kJ/mol)
0.060770393752071425, 84.03998286207836, CCCCCCCC(=O)N, 8, 8, 0, 0, 0, 0, 0, 0, 0, 0, 0, 0, 0, 0, 0, 0, 0, 0, 0, 0, 0, 1, 0, 0, 0, 0, 0, 0, 0, 0, -4990.825000000001/T + (19.110562) + (-0.002076979999999999*T) + (-1.3995420000000003*log(T)), 6.994309617264717 - (3535.953571877141)/(T + -30.57890514814516), 95565.3522432901 - (0.03977044382487235/T**2) - (26.79872049396216/T)
-, -, [C-]#[O+], 1, 0, 0, 0, 0, 0, 0, 0, 0, 0, 0, 0, 0, 0, 0, 0, 0, 0, 0, 0, 0, 0, 0, 0, 0, 0, 0, 0, 0, 0, -, -, -
0.16961561522811042, 75.46957629113382, CCCCCCC(=O)N, 7, 7, 0, 0, 0, 0, 0, 0, 0, 0, 0, 0, 0, 0, 0, 0, 0, 0, 0, 0, 0, 1, 0, 0, 0, 0, 0, 0, 0, 0, -4433.135/T + (16.668363) + (-0.0013011199999999996*T) + (-1.2615630000000002*log(T)), 6.2769262223885365 - (3275.249169540351)/(T + -26.39487992148605), 84886.58845322323 - (0.024914115624328596/T**2) - (24.156669983840704/T)
0.4734123831183793, 66.89916972018928, CCCCCC(=O)N, 6, 6, 0, 0, 0, 0, 0, 0, 0, 0, 0, 0, 0, 0, 0, 0, 0, 0, 0, 0, 0, 1, 0, 0, 0, 0, 0, 0, 0, 0, -3875.445/T + (14.226163999999999) + (-0.0005252599999999998*T) + (-1.1235840000000001*log(T)), 5.565245421822775 - (3019.6561172222396)/(T + -20.992859952990216), 74207.82466315637 - (0.010057787423784761/T**2) - (21.514619473719247/T)
1.321336388683392, 58.328763149244736, CCCCC(=O)N, 5, 5, 0, 0, 0, 0, 0, 0, 0, 0, 0, 0, 0, 0, 0, 0, 0, 0, 0, 0, 0, 1, 0, 0, 0, 0, 0, 0, 0, 0, -3317.755/T + (11.783965) + (0.00025059999999999997*T) + (-0.9856050000000002*log(T)), 4.8621683826782816 - (2771.9233720162492)/(T + -13.750852033588256), 63529.0608730895 - (-0.0047985407767590724/T**2) - (18.87256896359779/T)
3.6879682794910935, 49.758356578300194, CCCC(=O)N, 4, 4, 0, 0, 0, 0, 0, 0, 0, 0, 0, 0, 0, 0, 0, 0, 0, 0, 0, 0, 0, 1, 0, 0, 0, 0, 0, 0, 0, 0, -2760.065/T + (9.341766) + (0.0010264600000000005*T) + (-0.8476260000000001*log(T)), 4.172964240289406 - (2537.190337779561)/(T + -3.5369848586523185), 52850.29708302264 - (-0.019654868977302876/T**2) - (16.230518453476332/T)
80.18784126827482, 24.047136865466562, C(=O)N, 1, 1, 0, 0, 0, 0, 0, 0, 0, 0, 0, 0, 0, 0, 0, 0, 0, 0, 0, 0, 0, 1, 0, 0, 0, 0, 0, 0, 0, 0, -1086.995/T + (2.015169) + (0.003354040000000001*T) + (-0.433689*log(T)), -8208.48337888211 - (5560435603.594372)/(T + -677955.600374706), 20814.00571282205 - (-0.0642238535789343/T**2) - (8.304366923111957/T)
10.293449985196379, 41.18795000735565, CCC(=O)N, 3, 3, 0, 0, 0, 0, 0, 0, 0, 0, 0, 0, 0, 0, 0, 0, 0, 0, 0, 0, 0, 1, 0, 0, 0, 0, 0, 0, 0, 0, -2202.375/T + (6.899567) + (0.0018023200000000003*T) + (-0.709647*log(T)), 3.5083090823997183 - (2326.289776411121)/(T + 11.947000404098715), 42171.53329295578 - (-0.03451119717784667/T**2) - (13.588467943354873/T)
28.729941411632794, 32.617543436411104, CC(=O)N, 2, 2, 0, 0, 0, 0, 0, 0, 0, 0, 0, 0, 0, 0, 0, 0, 0, 0, 0, 0, 0, 1, 0, 0, 0, 0, 0, 0, 0, 0, -1644.685/T + (4.457368) + (0.0025781800000000007*T) + (-0.5716680000000001*log(T)), 2.8936122590525932 - (2166.542491188077)/(T + 38.18620180465487), 31492.769502888914 - (-0.04936752537839049/T**2) - (10.946417433233416/T)
0.1330616875676052, 92.54557080827749, CCCCNC(=O)C, 6, 2, 0, 0, 0, 0, 0, 0, 0, 0, 0, 0, 0, 0, 0, 0, 0, 0, 0, 0, 0, 0, 1, 0, 0, 0, 0, 0, 0, 0, -5125.33/T + (9.409559) + (-0.005342979999999999*T) + (0.6129299999999999*log(T)), 8.751776358491995 - (3935.965653193064)/(T + -29.147728753036112), 98140.8818808718 - (0.10230848922349593/T**2) - (-11.736510767354051/T)
0.3199542301521838, 96.35424816174222, CCCC(=O)NC, 5, 4, 0, 0, 0, 0, 0, 0, 0, 0, 0, 0, 0, 0, 0, 0, 0, 0, 0, 0, 0, 0, 1, 0, 0, 0, 0, 0, 0, 0, -5006.966/T + (11.603200000000001) + (0.0005635100000000006*T) + (-0.08396400000000015*log(T)), 11.546993643896915 - (5134.297015160605)/(T + 3.0209975617083025), 95874.42345908286 - (-0.010790206357188734/T**2) - (1.607760086910603/T)
2.6194799013024173, 75.08707371171671, CCNC=O, 3, 1, 0, 0, 0, 0, 0, 0, 0, 0, 0, 0, 0, 0, 0, 0, 0, 0, 0, 0, 0, 0, 1, 0, 0, 0, 0, 0, 0, 0, -3745.144/T + (5.173522) + (0.0004050200000000005*T) + (0.4702849999999999*log(T)), 9.012665711460034 - (4193.52661623036)/(T + 10.187261313724322), 71712.79408952316 - (-0.007755406964896051/T**2) - (-9.005114721461016/T)
6.95679492777435, 70.6430284489086, CNC=O, 2, 1, 0, 0, 0, 0, 0, 0, 0, 0, 0, 0, 0, 0, 0, 0, 0, 0, 0, 0, 0, 0, 1, 0, 0, 0, 0, 0, 0, 0, -3333.8959999999997/T + (4.276603) + (0.0028910900000000007*T) + (0.3299729999999999*log(T)), 9.648596490336216 - (4598.974966332728)/(T + 34.79848340673573), 63838.132088882274 - (-0.05535919095882016/T**2) - (-6.318391443453768/T)
1.7146147295583247, 83.84799939575602, CN(C)C(=O)C1CCCCC1, 9, 7, 0, 1, 0, 0, 0, 0, 0, 0, 0, 0, 0, 0, 0, 0, 0, 0, 0, 0, 0, 0, 0, 1, 0, 0, 0, 0, 0, 0, -5245.81019/T + (21.265479000000003) + (-0.00580049*T) + (-1.17823*log(T)), 7.371169891541339 - (2989.931930080935)/(T + -51.85995776847166), 100447.8615476981 - (0.11106898559530365/T**2) - (22.560992415805345/T)
5.566844693203386, 71.1781414208782, CCCC(=O)N(CC)CC, 8, 4, 0, 0, 0, 0, 0, 0, 0, 0, 0, 0, 0, 0, 0, 0, 0, 0, 0, 0, 0, 0, 0, 1, 0, 0, 0, 0, 0, 0, -4307.9591900000005/T + (13.95213) + (-0.00537318*T) + (-0.3793280000000001*log(T)), 6.194048119214586 - (2610.7748661452088)/(T + -48.35988883898134), 82489.69608072186 - (0.10288676508725536/T**2) - (7.263451220137503/T)
109.59005596640604, 53.719644324317436, CCC(=O)N(C)C, 5, 3, 0, 0, 0, 0, 0, 0, 0, 0, 0, 0, 0, 0, 0, 0, 0, 0, 0, 0, 0, 0, 0, 1, 0, 0, 0, 0, 0, 0, -2927.77319/T + (9.716093) + (0.00037482000000000053*T) + (-0.521973*log(T)), 6.281512888448369 - (2709.551993198248)/(T + -5.143123393003587), 56061.60828937321 - (-0.007177131101136609/T**2) - (9.994847266030538/T)
121.040427897967, 45.46692170804458, CCN(CC)C=O, 5, 1, 0, 0, 0, 0, 0, 0, 0, 0, 0, 0, 0, 0, 0, 0, 0, 0, 0, 0, 0, 0, 0, 1, 0, 0, 0, 0, 0, 0, -2634.88919/T + (6.625533000000001) + (-0.003045599999999999*T) + (0.03460899999999989*log(T)), 4.000703683793531 - (1793.0005971785556)/(T + -39.13362856521075), 50453.40471052126 - (0.05831778048562395/T**2) - (-0.6627003102268727/T)
305.87566770523705, 45.14923775337289, CC(=O)N(C)C, 4, 2, 0, 0, 0, 0, 0, 0, 0, 0, 0, 0, 0, 0, 0, 0, 0, 0, 0, 0, 0, 0, 0, 1, 0, 0, 0, 0, 0, 0, -2370.08319/T + (7.273894) + (0.0011506800000000007*T) + (-0.38399400000000006*log(T)), 5.611665636822437 - (2493.5397661587363)/(T + 8.479847080446726), 45382.84449930635 - (-0.022033459301680415/T**2) - (7.3527967559090825/T)
853.7264012603904, 36.578831182428345, CN(C)C=O, 3, 1, 0, 0, 0, 0, 0, 0, 0, 0, 0, 0, 0, 0, 0, 0, 0, 0, 0, 0, 0, 0, 0, 1, 0, 0, 0, 0, 0, 0, -1812.3931899999998/T + (4.831695) + (0.0019265400000000007*T) + (-0.24601500000000004*log(T)), 4.982410631205813 - (2318.563956505845)/(T + 30.383089546916885), 34704.08070923949 - (-0.0368897875022242/T**2) - (4.7107462457876235/T)
1925.50077985297, 46.27505013124807, CCCCCCN, 6, 0, 0, 0, 0, 0, 0, 0, 0, 0, 0, 0, 0, 0, 0, 0, 0, 1, 0, 0, 0, 0, 0, 0, 0, 0, 0, 0, 0, 0, -2857.2885/T + (3.0032069999999997) + (-0.00948102*T) + (1.348951*log(T)), 4.142897435472682 - (1261.867351219211)/(T + -82.83308633627985), 54711.95282607624 - (0.18154453741128534/T**2) - (-25.82999353292059/T)
9152.396141847688, 30.738209444849463, C(CN)N, 2, 0, 0, 0, 0, 0, 0, 0, 0, 0, 0, 0, 0, 0, 0, 0, 0, 2, 0, 0, 0, 0, 0, 0, 0, 0, 0, 0, 0, 0, -1175.1589999999999/T + (-3.2519990000000005) + (0.0014780900000000005*T) + (1.001936*log(T)), 5.747070335574897 - (2556.0596366033465)/(T + 78.18978942595416), 22502.18827085152 - (-0.02830277388954426/T**2) - (-19.185278338798312/T)
5113.7304210834, 41.831004868439955, CCCCCN, 5, 0, 0, 0, 0, 0, 0, 0, 0, 0, 0, 0, 0, 0, 0, 0, 0, 1, 0, 0, 0, 0, 0, 0, 0, 0, 0, 0, 0, 0, -2446.0405/T + (2.106288) + (-0.00699495*T) + (1.2086389999999998*log(T)), 4.390494915940791 - (1313.8175032589763)/(T + -67.05169998747213), 46837.290825435346 - (0.13394075341736122/T**2) - (-23.143270254913343/T)
13581.006610400136, 37.38695960563184, CCCCN, 4, 0, 0, 0, 0, 0, 0, 0, 0, 0, 0, 0, 0, 0, 0, 0, 0, 1, 0, 0, 0, 0, 0, 0, 0, 0, 0, 0, 0, 0, -2034.7924999999998/T + (1.2093689999999997) + (-0.00450888*T) + (1.068327*log(T)), 4.694173728295298 - (1409.2610363632773)/(T + -44.94379544200363), 38962.62882479446 - (0.08633696942343715/T**2) - (-20.456546976906093/T)
13581.006610400136, 37.38695960563184, CC(C)CN, 4, 0, 0, 0, 0, 0, 0, 0, 0, 0, 0, 0, 0, 0, 0, 0, 0, 1, 0, 0, 0, 0, 0, 0, 0, 0, 0, 0, 0, 0, -2034.7924999999998/T + (1.2093689999999997) + (-0.00450888*T) + (1.068327*log(T)), 4.694173728295298 - (1409.2610363632773)/(T + -44.94379544200363), 38962.62882479446 - (0.08633696942343715/T**2) - (-20.456546976906093/T)
13581.006610400136, 37.38695960563184, CCC(C)N, 4, 0, 0, 0, 0, 0, 0, 0, 0, 0, 0, 0, 0, 0, 0, 0, 0, 1, 0, 0, 0, 0, 0, 0, 0, 0, 0, 0, 0, 0, -2034.7924999999998/T + (1.2093689999999997) + (-0.00450888*T) + (1.068327*log(T)), 4.694173728295298 - (1409.2610363632773)/(T + -44.94379544200363), 38962.62882479446 - (0.08633696942343715/T**2) - (-20.456546976906093/T)
36068.334730999726, 32.94291434282372, CCCN, 3, 0, 0, 0, 0, 0, 0, 0, 0, 0, 0, 0, 0, 0, 0, 0, 0, 1, 0, 0, 0, 0, 0, 0, 0, 0, 0, 0, 0, 0, -1623.5444999999997/T + (0.3124500000000001) + (-0.0020228099999999995*T) + (0.9280149999999999*log(T)), -10525.097454378145 - (6995426214.718678)/(T + -664969.2832414559), 31087.96682415358 - (0.03873318542951308/T**2) - (-17.769823698898847/T)
13581.006610400136, 37.38695960563184, CC(C)(C)N, 4, 0, 0, 0, 0, 0, 0, 0, 0, 0, 0, 0, 0, 0, 0, 0, 0, 1, 0, 0, 0, 0, 0, 0, 0, 0, 0, 0, 0, 0, -2034.7924999999998/T + (1.2093689999999997) + (-0.00450888*T) + (1.068327*log(T)), 4.694173728295298 - (1409.2610363632773)/(T + -44.94379544200363), 38962.62882479446 - (0.08633696942343715/T**2) - (-20.456546976906093/T)
36068.334730999726, 32.94291434282372, CC(C)N, 3, 0, 0, 0, 0, 0, 0, 0, 0, 0, 0, 0, 0, 0, 0, 0, 0, 1, 0, 0, 0, 0, 0, 0, 0, 0, 0, 0, 0, 0, -1623.5444999999997/T + (0.3124500000000001) + (-0.0020228099999999995*T) + (0.9280149999999999*log(T)), -10525.097454378145 - (6995426214.718678)/(T + -664969.2832414559), 31087.96682415358 - (0.03873318542951308/T**2) - (-17.769823698898847/T)
95790.01082815256, 28.498869080015602, CCN, 2, 0, 0, 0, 0, 0, 0, 0, 0, 0, 0, 0, 0, 0, 0, 0, 0, 1, 0, 0, 0, 0, 0, 0, 0, 0, 0, 0, 0, 0, -1212.2965/T + (-0.5844690000000003) + (0.0004632600000000005*T) + (0.7877029999999999*log(T)), 5.687785824762159 - (1949.7343379515328)/(T + 43.15763191781578), 23213.30482351269 - (-0.008870598564411025/T**2) - (-15.0831004208916/T)
254398.38692001792, 24.054823817207485, CN, 1, 0, 0, 0, 0, 0, 0, 0, 0, 0, 0, 0, 0, 0, 0, 0, 0, 1, 0, 0, 0, 0, 0, 0, 0, 0, 0, 0, 0, 0, -801.0484999999999/T + (-1.4813880000000001) + (0.0029493300000000004*T) + (0.647391*log(T)), -8654.02833484799 - (6072266850.976415)/(T + -701935.3851461507), 15338.642822871801 - (-0.05647438255833511/T**2) - (-12.396377142884354/T)
415.21280299486625, 56.58694414425416, CCCCNCCCC, 8, 0, 0, 0, 0, 0, 0, 0, 0, 0, 0, 0, 0, 0, 0, 0, 0, 0, 1, 0, 0, 0, 0, 0, 0, 0, 0, 0, 0, 0, -4220.632/T + (8.505495) + (-0.01959545*T) + (1.5981319999999999*log(T)), -12911.390222569202 - (6841712387.028086)/(T + -530294.2131219893), 80817.53693413452 - (0.37521774087766624/T**2) - (-30.601363003365908/T)
2928.592852933895, 47.698853618637926, CCCNCCC, 6, 0, 0, 0, 0, 0, 0, 0, 0, 0, 0, 0, 0, 0, 0, 0, 0, 0, 1, 0, 0, 0, 0, 0, 0, 0, 0, 0, 0, 0, -3398.136/T + (6.711657) + (-0.01462331*T) + (1.317508*log(T)), 3.4881441291258217 - (898.4193357090445)/(T + -119.19321778576165), 65068.212932852744 - (0.2800101728898181/T**2) - (-25.227916447351415/T)
958.3018939716874, 46.75769664876768, CN(C)O, 2, 0, 0, 0, 0, 0, 1, 0, 0, 0, 0, 0, 0, 0, 0, 0, 0, 0, 1, 0, 0, 0, 0, 0, 0, 0, 0, 0, 0, 0, -2478.517/T + (3.9503069999999996) + (-0.00216946*T) + (0.5239559999999999*log(T)), 5.661251378045419 - (2149.2712184995735)/(T + -18.47519520614248), 47459.15758336199 - (0.041541270046080166/T**2) - (-10.032818161323087/T)
7777.734768904659, 43.25480835582981, CCCCNC, 5, 0, 0, 0, 0, 0, 0, 0, 0, 0, 0, 0, 0, 0, 0, 0, 0, 0, 1, 0, 0, 0, 0, 0, 0, 0, 0, 0, 0, 0, -2986.888/T + (5.814738) + (-0.01213724*T) + (1.177196*log(T)), 3.6462342178005236 - (888.9228188311017)/(T + -111.23018984384925), 57193.55093221185 - (0.232406388895894/T**2) - (-22.54119316934417/T)
2928.592852933895, 47.698853618637926, CC(C)NC(C)C, 6, 0, 0, 0, 0, 0, 0, 0, 0, 0, 0, 0, 0, 0, 0, 0, 0, 0, 1, 0, 0, 0, 0, 0, 0, 0, 0, 0, 0, 0, -3398.136/T + (6.711657) + (-0.01462331*T) + (1.317508*log(T)), 3.4881441291258217 - (898.4193357090445)/(T + -119.19321778576165), 65068.212932852744 - (0.2800101728898181/T**2) - (-25.227916447351415/T)
20656.049226790175, 38.81076309302169, CCNCC, 4, 0, 0, 0, 0, 0, 0, 0, 0, 0, 0, 0, 0, 0, 0, 0, 0, 0, 1, 0, 0, 0, 0, 0, 0, 0, 0, 0, 0, 0, -2575.64/T + (4.917819) + (-0.00965117*T) + (1.036884*log(T)), 3.821115405265264 - (890.0598007151274)/(T + -100.69666399729775), 49318.88893157097 - (0.1848026049019699/T**2) - (-19.85446989133692/T)
20656.049226790175, 38.81076309302169, CC(C)NC, 4, 0, 0, 0, 0, 0, 0, 0, 0, 0, 0, 0, 0, 0, 0, 0, 0, 0, 1, 0, 0, 0, 0, 0, 0, 0, 0, 0, 0, 0, -2575.64/T + (4.917819) + (-0.00965117*T) + (1.036884*log(T)), 3.821115405265264 - (890.0598007151274)/(T + -100.69666399729775), 49318.88893157097 - (0.1848026049019699/T**2) - (-19.85446989133692/T)
145691.93844481802, 29.922672567405456, CNC, 2, 0, 0, 0, 0, 0, 0, 0, 0, 0, 0, 0, 0, 0, 0, 0, 0, 0, 1, 0, 0, 0, 0, 0, 0, 0, 0, 0, 0, 0, -1753.144/T + (3.1239809999999997) + (-0.00467903*T) + (0.7562599999999999*log(T)), 4.267916274165774 - (959.3191318061404)/(T + -64.65946562648993), 33569.56493028919 - (0.08959503691412173/T**2) - (-14.481023335322428/T)
5067.1045478430315, 47.00138842347394, CCN(CC)CC, 6, 0, 0, 0, 0, 0, 0, 0, 0, 0, 0, 0, 0, 0, 0, 0, 0, 0, 0, 1, 0, 0, 0, 0, 0, 0, 0, 0, 0, 0, -2930.4022999999997/T + (5.2622789999999995) + (-0.00882321*T) + (1.0348260999999999*log(T)), 4.724520894020425 - (1311.8815888043155)/(T + -80.3048768704358), 56111.95103295496 - (0.168948655095404/T**2) - (-19.815064795309418/T)
94916.61850302086, 33.66925263504959, CN(C)C, 3, 0, 0, 0, 0, 0, 0, 0, 0, 0, 0, 0, 0, 0, 0, 0, 0, 0, 0, 1, 0, 0, 0, 0, 0, 0, 0, 0, 0, 0, -1696.6582999999998/T + (2.5715220000000003) + (-0.0013649999999999995*T) + (0.6138900999999999*log(T)), 5.707560580874277 - (1662.8323783267626)/(T + -8.240131593780783), 32487.965031032294 - (0.02613730311363171/T**2) - (-11.754894961287677/T)
0.004958362943464009, 87.80200398317947, Cc1cc(ccc1N)C(=O)O, 8, 0, 1, 0, 0, 0, 0, 0, 0, 1, 0, 0, 0, 0, 0, 0, 0, 0, 0, 0, 1, 0, 0, 0, 0, 0, 0, 0, 0, 0, -5090.1238/T + (6.953736) + (-0.008891703999999999*T) + (0.9581769999999997*log(T)), 5.562017380977395 - (3208.4672075382705)/(T + -48.83848979561601), 97466.74626118012 - (0.17026019241369342/T**2) - (-18.347371930776767/T)
0.004958362943464009, 87.80200398317947, Cc1cc(cc(c1)N)C(=O)O, 8, 0, 1, 0, 0, 0, 0, 0, 0, 1, 0, 0, 0, 0, 0, 0, 0, 0, 0, 0, 1, 0, 0, 0, 0, 0, 0, 0, 0, 0, -5090.1238/T + (6.953736) + (-0.008891703999999999*T) + (0.9581769999999997*log(T)), 5.562017380977395 - (3208.4672075382705)/(T + -48.83848979561601), 97466.74626118012 - (0.17026019241369342/T**2) - (-18.347371930776767/T)
0.004958362943464009, 87.80200398317947, Cc1c(cccc1N)C(=O)O, 8, 0, 1, 0, 0, 0, 0, 0, 0, 1, 0, 0, 0, 0, 0, 0, 0, 0, 0, 0, 1, 0, 0, 0, 0, 0, 0, 0, 0, 0, -5090.1238/T + (6.953736) + (-0.008891703999999999*T) + (0.9581769999999997*log(T)), 5.562017380977395 - (3208.4672075382705)/(T + -48.83848979561601), 97466.74626118012 - (0.17026019241369342/T**2) - (-18.347371930776767/T)
0.004958362943464009, 87.80200398317947, Cc1cccc(c1C(=O)O)N, 8, 0, 1, 0, 0, 0, 0, 0, 0, 1, 0, 0, 0, 0, 0, 0, 0, 0, 0, 0, 1, 0, 0, 0, 0, 0, 0, 0, 0, 0, -5090.1238/T + (6.953736) + (-0.008891703999999999*T) + (0.9581769999999997*log(T)), 5.562017380977395 - (3208.4672075382705)/(T + -48.83848979561601), 97466.74626118012 - (0.17026019241369342/T**2) - (-18.347371930776767/T)
0.004958362943464009, 87.80200398317947, Cc1ccc(c(c1)C(=O)O)N, 8, 0, 1, 0, 0, 0, 0, 0, 0, 1, 0, 0, 0, 0, 0, 0, 0, 0, 0, 0, 1, 0, 0, 0, 0, 0, 0, 0, 0, 0, -5090.1238/T + (6.953736) + (-0.008891703999999999*T) + (0.9581769999999997*log(T)), 5.562017380977395 - (3208.4672075382705)/(T + -48.83848979561601), 97466.74626118012 - (0.17026019241369342/T**2) - (-18.347371930776767/T)
0.004958362943464009, 87.80200398317947, Cc1cccc(c1N)C(=O)O, 8, 0, 1, 0, 0, 0, 0, 0, 0, 1, 0, 0, 0, 0, 0, 0, 0, 0, 0, 0, 1, 0, 0, 0, 0, 0, 0, 0, 0, 0, -5090.1238/T + (6.953736) + (-0.008891703999999999*T) + (0.9581769999999997*log(T)), 5.562017380977395 - (3208.4672075382705)/(T + -48.83848979561601), 97466.74626118012 - (0.17026019241369342/T**2) - (-18.347371930776767/T)
42.623366955659556, 60.44282504885977, Cc1ccccc1N, 7, 0, 1, 0, 0, 0, 0, 0, 0, 0, 0, 0, 0, 0, 0, 0, 0, 0, 0, 0, 1, 0, 0, 0, 0, 0, 0, 0, 0, 0, -3880.0798000000004/T + (7.151177) + (-0.011646954*T) + (1.0459049999999999*log(T)), 4.199176103980332 - (1612.1628342784097)/(T + -85.19692378808502), 74296.57277485677 - (0.22301829087804056/T**2) - (-20.027205870375806/T)
16.049208611918594, 64.88687031166788, Cc1ccc(c(c1)C)N, 8, 0, 1, 0, 0, 0, 0, 0, 0, 0, 0, 0, 0, 0, 0, 0, 0, 0, 0, 0, 1, 0, 0, 0, 0, 0, 0, 0, 0, 0, -4291.3278/T + (8.048096) + (-0.014133024*T) + (1.1862169999999999*log(T)), 3.9889052661836044 - (1587.2143930744307)/(T + -94.22059841556398), 82171.23477549767 - (0.27062207487196455/T**2) - (-22.71392914838305/T)
16.049208611918594, 64.88687031166788, CCc1ccc(cc1)N, 8, 0, 1, 0, 0, 0, 0, 0, 0, 0, 0, 0, 0, 0, 0, 0, 0, 0, 0, 0, 1, 0, 0, 0, 0, 0, 0, 0, 0, 0, -4291.3278/T + (8.048096) + (-0.014133024*T) + (1.1862169999999999*log(T)), 3.9889052661836044 - (1587.2143930744307)/(T + -94.22059841556398), 82171.23477549767 - (0.27062207487196455/T**2) - (-22.71392914838305/T)
16.049208611918594, 64.88687031166788, Cc1cccc(c1N)C, 8, 0, 1, 0, 0, 0, 0, 0, 0, 0, 0, 0, 0, 0, 0, 0, 0, 0, 0, 0, 1, 0, 0, 0, 0, 0, 0, 0, 0, 0, -4291.3278/T + (8.048096) + (-0.014133024*T) + (1.1862169999999999*log(T)), 3.9889052661836044 - (1587.2143930744307)/(T + -94.22059841556398), 82171.23477549767 - (0.27062207487196455/T**2) - (-22.71392914838305/T)
42.623366955659556, 60.44282504885977, Cc1cccc(c1)N, 7, 0, 1, 0, 0, 0, 0, 0, 0, 0, 0, 0, 0, 0, 0, 0, 0, 0, 0, 0, 1, 0, 0, 0, 0, 0, 0, 0, 0, 0, -3880.0798000000004/T + (7.151177) + (-0.011646954*T) + (1.0459049999999999*log(T)), 4.199176103980332 - (1612.1628342784097)/(T + -85.19692378808502), 74296.57277485677 - (0.22301829087804056/T**2) - (-20.027205870375806/T)
42.623366955659556, 60.44282504885977, Cc1ccc(cc1)N, 7, 0, 1, 0, 0, 0, 0, 0, 0, 0, 0, 0, 0, 0, 0, 0, 0, 0, 0, 0, 1, 0, 0, 0, 0, 0, 0, 0, 0, 0, -3880.0798000000004/T + (7.151177) + (-0.011646954*T) + (1.0459049999999999*log(T)), 4.199176103980332 - (1612.1628342784097)/(T + -85.19692378808502), 74296.57277485677 - (0.22301829087804056/T**2) - (-20.027205870375806/T)
16.049208611918594, 64.88687031166788, CCNc1ccccc1, 8, 0, 1, 0, 0, 0, 0, 0, 0, 0, 0, 0, 0, 0, 0, 0, 0, 0, 0, 0, 1, 0, 0, 0, 0, 0, 0, 0, 0, 0, -4291.3278/T + (8.048096) + (-0.014133024*T) + (1.1862169999999999*log(T)), 3.9889052661836044 - (1587.2143930744307)/(T + -94.22059841556398), 82171.23477549767 - (0.27062207487196455/T**2) - (-22.71392914838305/T)
42.623366955659556, 60.44282504885977, CNc1ccccc1, 7, 0, 1, 0, 0, 0, 0, 0, 0, 0, 0, 0, 0, 0, 0, 0, 0, 0, 0, 0, 1, 0, 0, 0, 0, 0, 0, 0, 0, 0, -3880.0798000000004/T + (7.151177) + (-0.011646954*T) + (1.0459049999999999*log(T)), 4.199176103980332 - (1612.1628342784097)/(T + -85.19692378808502), 74296.57277485677 - (0.22301829087804056/T**2) - (-20.027205870375806/T)
16.049208611918594, 64.88687031166788, CN(C)c1ccccc1, 8, 0, 1, 0, 0, 0, 0, 0, 0, 0, 0, 0, 0, 0, 0, 0, 0, 0, 0, 0, 1, 0, 0, 0, 0, 0, 0, 0, 0, 0, -4291.3278/T + (8.048096) + (-0.014133024*T) + (1.1862169999999999*log(T)), 3.9889052661836044 - (1587.2143930744307)/(T + -94.22059841556398), 82171.23477549767 - (0.27062207487196455/T**2) - (-22.71392914838305/T)
113.19881587729144, 55.99877978605165, c1ccc(cc1)N, 6, 0, 1, 0, 0, 0, 0, 0, 0, 0, 0, 0, 0, 0, 0, 0, 0, 0, 0, 0, 1, 0, 0, 0, 0, 0, 0, 0, 0, 0, -3468.8318/T + (6.254258) + (-0.009160884*T) + (0.9055929999999998*log(T)), 4.434734302572198 - (1655.18320438881)/(T + -73.96416118617103), 66421.91077421588 - (0.17541450688411644/T**2) - (-17.340482592368556/T)
42.623366955659556, 60.44282504885977, CNc1ccccc1, 7, 0, 1, 0, 0, 0, 0, 0, 0, 0, 0, 0, 0, 0, 0, 0, 0, 0, 0, 0, 1, 0, 0, 0, 0, 0, 0, 0, 0, 0, -3880.0798000000004/T + (7.151177) + (-0.011646954*T) + (1.0459049999999999*log(T)), 4.199176103980332 - (1612.1628342784097)/(T + -85.19692378808502), 74296.57277485677 - (0.22301829087804056/T**2) - (-20.027205870375806/T)
220.83642307176643, 51.06420877197618, CCN(CC)CC(=O)C, 7, 0, 0, 0, 0, 0, 0, 0, 1, 0, 0, 0, 0, 0, 0, 0, 0, 0, 0, 1, 0, 0, 0, 0, 0, 0, 0, 0, 0, 0, -3355.3959/T + (6.682684) + (-0.010758982*T) + (0.8981880999999998*log(T)), 3.5357630655460652 - (1276.890449084151)/(T + -91.96289281201062), 64249.8166333605 - (0.20601521884843046/T**2) - (-17.198692031323773/T)
1557.610857879682, 42.17611824635995, CC(=O)CN(C)C, 5, 0, 0, 0, 0, 0, 0, 0, 1, 0, 0, 0, 0, 0, 0, 0, 0, 0, 0, 1, 0, 0, 0, 0, 0, 0, 0, 0, 0, 0, -2532.8999/T + (4.888846000000001) + (-0.005786841999999999*T) + (0.6175640999999998*log(T)), 4.012418353314965 - (1367.4578812955242)/(T + -63.335185176619014), 48500.49263207871 - (0.11080765086058222/T**2) - (-11.825245475309277/T)
0.0014419836610542092, 97.50646066756059, C(CO)N(CCO)CCO, 6, 0, 0, 0, 0, 0, 3, 0, 0, 0, 0, 0, 0, 0, 0, 0, 0, 0, 0, 1, 0, 0, 0, 0, 0, 0, 0, 0, 0, 0, -5106.5213/T + (7.741257000000001) + (-0.0012944999999999992*T) + (0.3379140999999999*log(T)), 8.935077170671232 - (4915.751337297261)/(T + -5.22341889964019), 97780.72899217336 - (0.0247873544912793/T**2) - (-6.470449273311395/T)
0.2516326744325224, 77.10004154942362, Cc1cc(ccc1O)C(C)(C)C, 11, 0, 1, 0, 0, 0, 0, 0, 0, 0, 0, 0, 0, 0, 0, 0, 1, 0, 0, 0, 0, 0, 0, 0, 0, 0, 0, 0, 0, 0, -5369.6008/T + (8.908388) + (-0.02082199*T) + (1.7032563999999997*log(T)), 2.9208448691045 - (1599.3012953705893)/(T + -110.3563293945752), 102818.2298232962 - (0.39870378319341276/T**2) - (-32.614306818339294/T)
0.600945971454862, 69.32756594564464, c1cc(ccc1C=O)O, 7, 0, 1, 0, 0, 0, 0, 1, 0, 0, 0, 0, 0, 0, 0, 0, 1, 0, 0, 0, 0, 0, 0, 0, 0, 0, 0, 0, 0, 0, -4454.1098/T + (6.306729) + (-0.01380435*T) + (1.3200853999999997*log(T)), 3.401924908837822 - (1823.589669481609)/(T + -86.67519425007127), 85288.21827399085 - (0.2643285569499355/T**2) - (-25.277269037128033/T)
0.5455749180421187, 63.386680846693395, CC(=O)c1ccc(cc1)O, 8, 0, 1, 0, 0, 0, 0, 0, 1, 0, 0, 0, 0, 0, 0, 0, 1, 0, 0, 0, 0, 0, 0, 0, 0, 0, 0, 0, 0, 0, -4149.602400000001/T + (6.741117) + (-0.012813482000000001*T) + (1.0053703999999997*log(T)), 2.5070678342567714 - (1619.5653168291872)/(T + -89.7262663404995), 79457.44742113817 - (0.24535521097074273/T**2) - (-19.251040942324657/T)
0.1436085353158951, 75.27037699854844, c1ccc2c(c1)cccc2O, 10, 0, 2, 0, 0, 0, 0, 0, 0, 0, 0, 0, 0, 0, 0, 0, 1, 0, 0, 0, 0, 0, 0, 0, 0, 0, 0, 0, 0, 0, -4923.3266/T + (7.090630000000001) + (-0.01609193*T) + (1.4693143999999998*log(T)), 3.2844804912135657 - (1881.2556482867935)/(T + -92.01436371494401), 94272.87888029728 - (0.30813161325519667/T**2) - (-28.134736880603594/T)
0.1436085353158951, 75.27037699854844, c1ccc2cc(ccc2c1)O, 10, 0, 2, 0, 0, 0, 0, 0, 0, 0, 0, 0, 0, 0, 0, 0, 1, 0, 0, 0, 0, 0, 0, 0, 0, 0, 0, 0, 0, 0, -4923.3266/T + (7.090630000000001) + (-0.01609193*T) + (1.4693143999999998*log(T)), 3.2844804912135657 - (1881.2556482867935)/(T + -92.01436371494401), 94272.87888029728 - (0.30813161325519667/T**2) - (-28.134736880603594/T)
0.07142504105897245, 82.8973599382831, CCc1ccc(cc1)C(=O)O, 9, 0, 1, 0, 0, 0, 0, 0, 0, 1, 0, 0, 0, 0, 0, 0, 0, 0, 0, 0, 0, 0, 0, 0, 0, 0, 0, 0, 0, 0, -4891.9398/T + (6.3462950000000005) + (-0.010468749999999999*T) + (1.2339839999999997*log(T)), 5.553703779230209 - (2809.317773211763)/(T + -58.0756562510554), 93671.87792398452 - (0.20045779631562777/T**2) - (-23.628581571700884/T)
0.026894059900589108, 87.34140520109122, CCCc1ccc(cc1)C(=O)O, 10, 0, 1, 0, 0, 0, 0, 0, 0, 1, 0, 0, 0, 0, 0, 0, 0, 0, 0, 0, 0, 0, 0, 0, 0, 0, 0, 0, 0, 0, -5303.1878/T + (7.243214) + (-0.012954819999999999*T) + (1.3742959999999997*log(T)), 5.27018263624765 - (2730.029975220774)/(T + -67.60087143332788), 101546.5399246254 - (0.2480615803095519/T**2) - (-26.315304849708134/T)
0.010126566918446522, 91.78545046389934, CCCCc1ccc(cc1)C(=O)O, 11, 0, 1, 0, 0, 0, 0, 0, 0, 1, 0, 0, 0, 0, 0, 0, 0, 0, 0, 0, 0, 0, 0, 0, 0, 0, 0, 0, 0, 0, -5714.4358/T + (8.140133) + (-0.015440889999999999*T) + (1.5146079999999997*log(T)), 5.012677067760463 - (2670.7414548255642)/(T + -75.71696809807486), 109421.2019252663 - (0.29566536430347606/T**2) - (-29.00202812771538/T)
0.0038130114208427654, 96.22949572670746, CCCCCc1ccc(cc1)C(=O)O, 12, 0, 1, 0, 0, 0, 0, 0, 0, 1, 0, 0, 0, 0, 0, 0, 0, 0, 0, 0, 0, 0, 0, 0, 0, 0, 0, 0, 0, 0, -6125.6838/T + (9.037052000000001) + (-0.01792696*T) + (1.6549199999999997*log(T)), 4.77588657979725 - (2626.8475208374202)/(T + -82.71347069106375), 117295.86392590718 - (0.34326914829740013/T**2) - (-31.688751405722623/T)
0.0014357339671545609, 100.67354098951557, CCCCCCc1ccc(cc1)C(=O)O, 13, 0, 1, 0, 0, 0, 0, 0, 0, 1, 0, 0, 0, 0, 0, 0, 0, 0, 0, 0, 0, 0, 0, 0, 0, 0, 0, 0, 0, 0, -6536.9318/T + (9.933971000000001) + (-0.02041303*T) + (1.795232*log(T)), 4.5558587134111335 - (2595.040944468627)/(T + -88.805903017715), 125170.52592654806 - (0.390872932291324/T**2) - (-34.37547468372986/T)
2.157366035916115, 74.41932140642982, CCCCOC(=O)c1ccccc1, 11, 0, 1, 0, 0, 0, 0, 0, 0, 0, 1, 0, 0, 0, 0, 0, 0, 0, 0, 0, 0, 0, 0, 0, 0, 0, 0, 0, 0, 0, -5308.9848/T + (8.282715) + (-0.022872919999999998*T) + (2.048491*log(T)), -19598.37025499011 - (11802009724.67125)/(T + -602635.7622807319), 101657.54208297687 - (0.437975416215274/T**2) - (-39.22493054399013/T)
2.157366035916115, 74.41932140642982, CC(C)COC(=O)c1ccccc1, 11, 0, 1, 0, 0, 0, 0, 0, 0, 0, 1, 0, 0, 0, 0, 0, 0, 0, 0, 0, 0, 0, 0, 0, 0, 0, 0, 0, 0, 0, -5308.9848/T + (8.282715) + (-0.022872919999999998*T) + (2.048491*log(T)), -19598.37025499011 - (11802009724.67125)/(T + -602635.7622807319), 101657.54208297687 - (0.437975416215274/T**2) - (-39.22493054399013/T)
37.110593183539976, 62.8419763273282, CCCCOCCOC(=O)C, 8, 0, 0, 0, 0, 0, 0, 0, 0, 0, 1, 1, 0, 0, 0, 0, 0, 0, 0, 0, 0, 0, 0, 0, 0, 0, 0, 0, 0, 0, -4254.601/T + (4.656627) + (-0.0176824491*T) + (2.0094749999999997*log(T)), 3.559628863135909 - (1321.1139039364323)/(T + -109.09934417044113), 81467.98239161947 - (0.33858720287037664/T**2) - (-38.47784408371067/T)
5.72951641604568, 69.9752761436217, CCCOC(=O)c1ccccc1, 10, 0, 1, 0, 0, 0, 0, 0, 0, 0, 1, 0, 0, 0, 0, 0, 0, 0, 0, 0, 0, 0, 0, 0, 0, 0, 0, 0, 0, 0, -4897.7368/T + (7.385796) + (-0.020386849999999998*T) + (1.9081789999999996*log(T)), 3.314476777924179 - (1385.9842712495195)/(T + -114.64198186882543), 93782.88008233596 - (0.39037163222134985/T**2) - (-36.538207265982884/T)
15.216406402632993, 65.53123088081358, COC(=O)Cc1ccccc1, 9, 0, 1, 0, 0, 0, 0, 0, 0, 0, 1, 0, 0, 0, 0, 0, 0, 0, 0, 0, 0, 0, 0, 0, 0, 0, 0, 0, 0, 0, -4486.4888/T + (6.4888770000000005) + (-0.017900779999999998*T) + (1.7678669999999999*log(T)), 3.478707041659711 - (1380.3076868765104)/(T + -108.91536917495539), 85908.21808169507 - (0.34276784822742573/T**2) - (-33.851483987975634/T)
15.216406402632993, 65.53123088081358, CCOC(=O)c1ccccc1, 9, 0, 1, 0, 0, 0, 0, 0, 0, 0, 1, 0, 0, 0, 0, 0, 0, 0, 0, 0, 0, 0, 0, 0, 0, 0, 0, 0, 0, 0, -4486.4888/T + (6.4888770000000005) + (-0.017900779999999998*T) + (1.7678669999999999*log(T)), 3.478707041659711 - (1380.3076868765104)/(T + -108.91536917495539), 85908.21808169507 - (0.34276784822742573/T**2) - (-33.851483987975634/T)
40.41161714131022, 61.08718561800546, COC(=O)c1ccccc1, 8, 0, 1, 0, 0, 0, 0, 0, 0, 0, 1, 0, 0, 0, 0, 0, 0, 0, 0, 0, 0, 0, 0, 0, 0, 0, 0, 0, 0, 0, -4075.2408000000005/T + (5.591958) + (-0.01541471*T) + (1.6275549999999996*log(T)), 3.6547838935106873 - (1382.2027202450404)/(T + -102.02086688383108), 78033.5560810542 - (0.29516406423350167/T**2) - (-31.16476070996839/T)
40.41161714131022, 61.08718561800546, CC(=O)Oc1ccccc1, 8, 0, 1, 0, 0, 0, 0, 0, 0, 0, 1, 0, 0, 0, 0, 0, 0, 0, 0, 0, 0, 0, 0, 0, 0, 0, 0, 0, 0, 0, -4075.2408000000005/T + (5.591958) + (-0.01541471*T) + (1.6275549999999996*log(T)), 3.6547838935106873 - (1382.2027202450404)/(T + -102.02086688383108), 78033.5560810542 - (0.29516406423350167/T**2) - (-31.16476070996839/T)
188.0559770767455, 58.47280490607251, CCCCCCC(=O)OC, 8, 0, 0, 0, 0, 0, 0, 0, 0, 0, 1, 0, 0, 0, 0, 0, 0, 0, 0, 0, 0, 0, 0, 0, 0, 0, 0, 0, 0, 0, -4110.267/T + (6.512797) + (-0.0176587*T) + (1.7211849999999997*log(T)), -13883.447791583401 - (7513348492.486303)/(T + -541578.3369853828), 78704.24502341221 - (0.33813245017779353/T**2) - (-32.95760736969684/T)
188.0559770767455, 58.47280490607251, CCCCCCOC(=O)C, 8, 0, 0, 0, 0, 0, 0, 0, 0, 0, 1, 0, 0, 0, 0, 0, 0, 0, 0, 0, 0, 0, 0, 0, 0, 0, 0, 0, 0, 0, -4110.267/T + (6.512797) + (-0.0176587*T) + (1.7211849999999997*log(T)), -13883.447791583401 - (7513348492.486303)/(T + -541578.3369853828), 78704.24502341221 - (0.33813245017779353/T**2) - (-32.95760736969684/T)
188.0559770767455, 58.47280490607251, CCCCCC(=O)OCC, 8, 0, 0, 0, 0, 0, 0, 0, 0, 0, 1, 0, 0, 0, 0, 0, 0, 0, 0, 0, 0, 0, 0, 0, 0, 0, 0, 0, 0, 0, -4110.267/T + (6.512797) + (-0.0176587*T) + (1.7211849999999997*log(T)), -13883.447791583401 - (7513348492.486303)/(T + -541578.3369853828), 78704.24502341221 - (0.33813245017779353/T**2) - (-32.95760736969684/T)
188.0559770767455, 58.47280490607251, CCCC(=O)OCC(C)C, 8, 0, 0, 0, 0, 0, 0, 0, 0, 0, 1, 0, 0, 0, 0, 0, 0, 0, 0, 0, 0, 0, 0, 0, 0, 0, 0, 0, 0, 0, -4110.267/T + (6.512797) + (-0.0176587*T) + (1.7211849999999997*log(T)), -13883.447791583401 - (7513348492.486303)/(T + -541578.3369853828), 78704.24502341221 - (0.33813245017779353/T**2) - (-32.95760736969684/T)
188.0559770767455, 58.47280490607251, CCCCC(=O)OCCC, 8, 0, 0, 0, 0, 0, 0, 0, 0, 0, 1, 0, 0, 0, 0, 0, 0, 0, 0, 0, 0, 0, 0, 0, 0, 0, 0, 0, 0, 0, -4110.267/T + (6.512797) + (-0.0176587*T) + (1.7211849999999997*log(T)), -13883.447791583401 - (7513348492.486303)/(T + -541578.3369853828), 78704.24502341221 - (0.33813245017779353/T**2) - (-32.95760736969684/T)
188.0559770767455, 58.47280490607251, CCOC(=O)CCC(C)C, 8, 0, 0, 0, 0, 0, 0, 0, 0, 0, 1, 0, 0, 0, 0, 0, 0, 0, 0, 0, 0, 0, 0, 0, 0, 0, 0, 0, 0, 0, -4110.267/T + (6.512797) + (-0.0176587*T) + (1.7211849999999997*log(T)), -13883.447791583401 - (7513348492.486303)/(T + -541578.3369853828), 78704.24502341221 - (0.33813245017779353/T**2) - (-32.95760736969684/T)
188.0559770767455, 58.47280490607251, CCCCC(=O)OC(C)C, 8, 0, 0, 0, 0, 0, 0, 0, 0, 0, 1, 0, 0, 0, 0, 0, 0, 0, 0, 0, 0, 0, 0, 0, 0, 0, 0, 0, 0, 0, -4110.267/T + (6.512797) + (-0.0176587*T) + (1.7211849999999997*log(T)), -13883.447791583401 - (7513348492.486303)/(T + -541578.3369853828), 78704.24502341221 - (0.33813245017779353/T**2) - (-32.95760736969684/T)
188.0559770767455, 58.47280490607251, CCCOC(=O)CC(C)C, 8, 0, 0, 0, 0, 0, 0, 0, 0, 0, 1, 0, 0, 0, 0, 0, 0, 0, 0, 0, 0, 0, 0, 0, 0, 0, 0, 0, 0, 0, -4110.267/T + (6.512797) + (-0.0176587*T) + (1.7211849999999997*log(T)), -13883.447791583401 - (7513348492.486303)/(T + -541578.3369853828), 78704.24502341221 - (0.33813245017779353/T**2) - (-32.95760736969684/T)
188.0559770767455, 58.47280490607251, CCCC(=O)OCC(C)C, 8, 0, 0, 0, 0, 0, 0, 0, 0, 0, 1, 0, 0, 0, 0, 0, 0, 0, 0, 0, 0, 0, 0, 0, 0, 0, 0, 0, 0, 0, -4110.267/T + (6.512797) + (-0.0176587*T) + (1.7211849999999997*log(T)), -13883.447791583401 - (7513348492.486303)/(T + -541578.3369853828), 78704.24502341221 - (0.33813245017779353/T**2) - (-32.95760736969684/T)
188.0559770767455, 58.47280490607251, CC(C)COC(=O)C(C)C, 8, 0, 0, 0, 0, 0, 0, 0, 0, 0, 1, 0, 0, 0, 0, 0, 0, 0, 0, 0, 0, 0, 0, 0, 0, 0, 0, 0, 0, 0, -4110.267/T + (6.512797) + (-0.0176587*T) + (1.7211849999999997*log(T)), -13883.447791583401 - (7513348492.486303)/(T + -541578.3369853828), 78704.24502341221 - (0.33813245017779353/T**2) - (-32.95760736969684/T)
1326.402717946215, 49.584714380456276, CCCCC(=O)OC, 6, 0, 0, 0, 0, 0, 0, 0, 0, 0, 1, 0, 0, 0, 0, 0, 0, 0, 0, 0, 0, 0, 0, 0, 0, 0, 0, 0, 0, 0, -3287.7709999999997/T + (4.718959) + (-0.01268656*T) + (1.4405609999999998*log(T)), 3.844543301808275 - (1122.640914167868)/(T + -101.96050706608337), 62954.921022130424 - (0.2429248821899454/T**2) - (-27.58416081368235/T)
1326.402717946215, 49.584714380456276, CCCC(=O)OCC, 6, 0, 0, 0, 0, 0, 0, 0, 0, 0, 1, 0, 0, 0, 0, 0, 0, 0, 0, 0, 0, 0, 0, 0, 0, 0, 0, 0, 0, 0, -3287.7709999999997/T + (4.718959) + (-0.01268656*T) + (1.4405609999999998*log(T)), 3.844543301808275 - (1122.640914167868)/(T + -101.96050706608337), 62954.921022130424 - (0.2429248821899454/T**2) - (-27.58416081368235/T)
1326.402717946215, 49.584714380456276, CC(C)CC(=O)OC, 6, 0, 0, 0, 0, 0, 0, 0, 0, 0, 1, 0, 0, 0, 0, 0, 0, 0, 0, 0, 0, 0, 0, 0, 0, 0, 0, 0, 0, 0, -3287.7709999999997/T + (4.718959) + (-0.01268656*T) + (1.4405609999999998*log(T)), 3.844543301808275 - (1122.640914167868)/(T + -101.96050706608337), 62954.921022130424 - (0.2429248821899454/T**2) - (-27.58416081368235/T)
1326.402717946215, 49.584714380456276, CC(C)COC(=O)C, 6, 0, 0, 0, 0, 0, 0, 0, 0, 0, 1, 0, 0, 0, 0, 0, 0, 0, 0, 0, 0, 0, 0, 0, 0, 0, 0, 0, 0, 0, -3287.7709999999997/T + (4.718959) + (-0.01268656*T) + (1.4405609999999998*log(T)), 3.844543301808275 - (1122.640914167868)/(T + -101.96050706608337), 62954.921022130424 - (0.2429248821899454/T**2) - (-27.58416081368235/T)
1326.402717946215, 49.584714380456276, CCOC(=O)C(C)C, 6, 0, 0, 0, 0, 0, 0, 0, 0, 0, 1, 0, 0, 0, 0, 0, 0, 0, 0, 0, 0, 0, 0, 0, 0, 0, 0, 0, 0, 0, -3287.7709999999997/T + (4.718959) + (-0.01268656*T) + (1.4405609999999998*log(T)), 3.844543301808275 - (1122.640914167868)/(T + -101.96050706608337), 62954.921022130424 - (0.2429248821899454/T**2) - (-27.58416081368235/T)
0.37710670942237495, 75.52428075766377, COC(=O)c1ccccc1C(=O)OC, 10, 0, 1, 0, 0, 0, 0, 0, 0, 0, 2, 0, 0, 0, 0, 0, 0, 0, 0, 0, 0, 0, 0, 0, 0, 0, 0, 0, 0, 0, -5291.0818/T + (6.434018) + (-0.02257756*T) + (2.214022*log(T)), -21047.278404487508 - (13351672899.852957)/(T + -634828.1887618194), 101314.73172572897 - (0.4323198016748767/T**2) - (-42.394552464651355/T)
0.37710670942237495, 75.52428075766377, COC(=O)c1cccc(c1)C(=O)OC, 10, 0, 1, 0, 0, 0, 0, 0, 0, 0, 2, 0, 0, 0, 0, 0, 0, 0, 0, 0, 0, 0, 0, 0, 0, 0, 0, 0, 0, 0, -5291.0818/T + (6.434018) + (-0.02257756*T) + (2.214022*log(T)), -21047.278404487508 - (13351672899.852957)/(T + -634828.1887618194), 101314.73172572897 - (0.4323198016748767/T**2) - (-42.394552464651355/T)
0.37710670942237495, 75.52428075766377, COC(=O)c1ccc(cc1)C(=O)OC, 10, 0, 1, 0, 0, 0, 0, 0, 0, 0, 2, 0, 0, 0, 0, 0, 0, 0, 0, 0, 0, 0, 0, 0, 0, 0, 0, 0, 0, 0, -5291.0818/T + (6.434018) + (-0.02257756*T) + (2.214022*log(T)), -21047.278404487508 - (13351672899.852957)/(T + -634828.1887618194), 101314.73172572897 - (0.4323198016748767/T**2) - (-42.394552464651355/T)
1.66623287588499, 68.75662883339122, COC(=O)C1CCCC(C1)C(=O)OC, 10, 0, 0, 1, 0, 0, 0, 0, 0, 0, 2, 0, 0, 0, 0, 0, 0, 0, 0, 0, 0, 0, 0, 0, 0, 0, 0, 0, 0, 0, -5413.385/T + (9.135447000000001) + (-0.027893420000000002*T) + (2.203311*log(T)), -16351.969896752276 - (9231966200.059494)/(T + -565042.2947118554), 103656.61876614444 - (0.5341089915134336/T**2) - (-42.18945601509083/T)
1.7548708940461324, 72.90990004573081, CCOC(=O)CCCCC(=O)OCC, 10, 0, 0, 0, 0, 0, 0, 0, 0, 0, 2, 0, 0, 0, 0, 0, 0, 0, 0, 0, 0, 0, 0, 0, 0, 0, 0, 0, 0, 0, -5326.108/T + (7.354857000000001) + (-0.02482155*T) + (2.307652*log(T)), -18674.199171478333 - (11055917449.290815)/(T + -592492.1597635271), 101985.42066808698 - (0.4752881876191686/T**2) - (-44.18739912437981/T)
1.7548708940461324, 72.90990004573081, CCCCOC(=O)C(=O)OCCCC, 10, 0, 0, 0, 0, 0, 0, 0, 0, 0, 2, 0, 0, 0, 0, 0, 0, 0, 0, 0, 0, 0, 0, 0, 0, 0, 0, 0, 0, 0, -5326.108/T + (7.354857000000001) + (-0.02482155*T) + (2.307652*log(T)), -18674.199171478333 - (11055917449.290815)/(T + -592492.1597635271), 101985.42066808698 - (0.4752881876191686/T**2) - (-44.18739912437981/T)
0.6273957439573989, 73.20067409619934, CCOC(=O)C1(CCCC1)C(=O)OCC, 11, 0, 0, 1, 0, 0, 0, 0, 0, 0, 2, 0, 0, 0, 0, 0, 0, 0, 0, 0, 0, 0, 0, 0, 0, 0, 0, 0, 0, 0, -5824.633/T + (10.032366) + (-0.030379490000000002*T) + (2.343623*log(T)), -16393.04867982137 - (8749103183.728434)/(T + -534176.5885412515), 111531.28076678535 - (0.5817127755073578/T**2) - (-44.87617929309809/T)
4.425168680883619, 64.3125835705831, CCOC(=O)C1(CC1)C(=O)OCC, 9, 0, 0, 1, 0, 0, 0, 0, 0, 0, 2, 0, 0, 0, 0, 0, 0, 0, 0, 0, 0, 0, 0, 0, 0, 0, 0, 0, 0, 0, -5002.137000000001/T + (8.238528) + (-0.025407350000000002*T) + (2.0629989999999996*log(T)), -3.468783412909933 - (3276.6984273691464)/(T + -1993582.9642056567), 95781.95676550355 - (0.48650520751950954/T**2) - (-39.50273273708358/T)
9.646230515057193, 62.88457519616335, CCOC(=O)C=CC(=O)OCC, 8, 0, 0, 0, 1, 0, 0, 0, 0, 0, 2, 0, 0, 0, 0, 0, 0, 0, 0, 0, 0, 0, 0, 0, 0, 0, 0, 0, 0, 0, -4497.878650000001/T + (5.5779954) + (-0.020478367*T) + (2.03458234*log(T)), -15359.809081439407 - (8616268633.605356)/(T + -561407.6279286969), 86126.31329185536 - (0.3921240187188225/T**2) - (-38.95860463752533/T)
87.30149772025777, 55.133718994498345, CC(=O)OCCOC(=O)C, 6, 0, 0, 0, 0, 0, 0, 0, 0, 0, 2, 0, 0, 0, 0, 0, 0, 0, 0, 0, 0, 0, 0, 0, 0, 0, 0, 0, 0, 0, -3681.116/T + (3.767181) + (-0.014877269999999998*T) + (1.7464039999999998*log(T)), 3.1930137577326687 - (1205.0099021089688)/(T + -105.39059409102529), 70486.77266552344 - (0.2848730516434722/T**2) - (-33.440506012350816/T)
231.8546579515355, 50.68967373169023, COC(=O)CC(=O)OC, 5, 0, 0, 0, 0, 0, 0, 0, 0, 0, 2, 0, 0, 0, 0, 0, 0, 0, 0, 0, 0, 0, 0, 0, 0, 0, 0, 0, 0, 0, -3269.868/T + (2.8702620000000003) + (-0.012391199999999998*T) + (1.6060919999999999*log(T)), 3.3781674851248074 - (1212.8700232767633)/(T + -96.46446587433587), 62612.11066488255 - (0.23726926764954812/T**2) - (-30.753782734343574/T)
1.66623287588499, 68.75662883339122, CCOC(=O)C1(CCC1)C(=O)OCC, 10, 0, 0, 1, 0, 0, 0, 0, 0, 0, 2, 0, 0, 0, 0, 0, 0, 0, 0, 0, 0, 0, 0, 0, 0, 0, 0, 0, 0, 0, -5413.385/T + (9.135447000000001) + (-0.027893420000000002*T) + (2.203311*log(T)), -16351.969896752276 - (9231966200.059494)/(T + -565042.2947118554), 103656.61876614444 - (0.5341089915134336/T**2) - (-42.18945601509083/T)
178.55732440207092, 54.31953369373292, CCOC(=O)C1CCCC1, 8, 0, 0, 1, 0, 0, 0, 0, 0, 0, 1, 0, 0, 0, 0, 0, 0, 0, 0, 0, 0, 0, 0, 0, 0, 0, 0, 0, 0, 0, -4197.544/T + (8.293387) + (-0.020730569999999997*T) + (1.616844*log(T)), -12922.872518812435 - (7237387579.946884)/(T + -560462.9989412819), 80375.44312146967 - (0.3969532540720586/T**2) - (-30.95966426040787/T)
474.21119287827634, 49.875488430924804, CCOC(=O)C1CCC1, 7, 0, 0, 1, 0, 0, 0, 0, 0, 0, 1, 0, 0, 0, 0, 0, 0, 0, 0, 0, 0, 0, 0, 0, 0, 0, 0, 0, 0, 0, -3786.2960000000003/T + (7.396468) + (-0.018244499999999997*T) + (1.4765319999999997*log(T)), -12181.115284526973 - (6958593207.810851)/(T + -571668.8492786781), 72500.78112082877 - (0.3493494700781346/T**2) - (-28.272940982400627/T)
1259.4065026683902, 45.43144316811669, COC(=O)C1CCC1, 6, 0, 0, 1, 0, 0, 0, 0, 0, 0, 1, 0, 0, 0, 0, 0, 0, 0, 0, 0, 0, 0, 0, 0, 0, 0, 0, 0, 0, 0, -3375.048/T + (6.499549) + (-0.015758429999999997*T) + (1.33622*log(T)), -11288.844315883187 - (6511304363.338861)/(T + -577187.216696679), 64626.11912018788 - (0.3017456860842105/T**2) - (-25.586217704393377/T)
1259.4065026683902, 45.43144316811669, CCOC(=O)C1CC1, 6, 0, 0, 1, 0, 0, 0, 0, 0, 0, 1, 0, 0, 0, 0, 0, 0, 0, 0, 0, 0, 0, 0, 0, 0, 0, 0, 0, 0, 0, -3375.048/T + (6.499549) + (-0.015758429999999997*T) + (1.33622*log(T)), -11288.844315883187 - (6511304363.338861)/(T + -577187.216696679), 64626.11912018788 - (0.3017456860842105/T**2) - (-25.586217704393377/T)
3344.7222730792005, 40.98739790530857, COC(=O)C1CC1, 5, 0, 0, 1, 0, 0, 0, 0, 0, 0, 1, 0, 0, 0, 0, 0, 0, 0, 0, 0, 0, 0, 0, 0, 0, 0, 0, 0, 0, 0, -2963.8/T + (5.60263) + (-0.013272359999999999*T) + (1.1959079999999997*log(T)), 2.731745040324036 - (734.1742897677657)/(T + -123.62581110113364), 56751.45711954699 - (0.25414190209028636/T**2) - (-22.89949442638613/T)
231.8546579515355, 50.68967373169023, COC(=O)CC(=O)OC, 5, 0, 0, 0, 0, 0, 0, 0, 0, 0, 2, 0, 0, 0, 0, 0, 0, 0, 0, 0, 0, 0, 0, 0, 0, 0, 0, 0, 0, 0, -3269.868/T + (2.8702620000000003) + (-0.012391199999999998*T) + (1.6060919999999999*log(T)), 3.3781674851248074 - (1212.8700232767633)/(T + -96.46446587433587), 62612.11066488255 - (0.23726926764954812/T**2) - (-30.753782734343574/T)
28049.694043161737, 39.516790662053666, CCOCC, 4, 0, 0, 0, 0, 0, 0, 0, 0, 0, 0, 1, 0, 0, 0, 0, 0, 0, 0, 0, 0, 0, 0, 0, 0, 0, 0, 0, 0, 0, -2216.2639999999997/T + (2.0207289999999998) + (-0.005547459099999999*T) + (1.1423839999999998*log(T)), -11813.049723881682 - (7562181614.255568)/(T + -640483.7244616013), 42437.4827456629 - (0.1062238974411535/T**2) - (-21.874605773013215/T)
111.2659703756011, 61.66214313454182, CCCCOCCOCC, 8, 0, 0, 0, 0, 0, 0, 0, 0, 0, 0, 2, 0, 0, 0, 0, 0, 0, 0, 0, 0, 0, 0, 0, 0, 0, 0, 0, 0, 0, -4005.59/T + (3.7522349999999998) + (-0.015515488199999998*T) + (1.9919219999999997*log(T)), 4.281082741371245 - (1442.791879429025)/(T + -98.70703246088195), 76699.86811643372 - (0.29709378610943293/T**2) - (-38.14173559905604/T)
111.2659703756011, 61.66214313454182, CCCOCCOCCC, 8, 0, 0, 0, 0, 0, 0, 0, 0, 0, 0, 2, 0, 0, 0, 0, 0, 0, 0, 0, 0, 0, 0, 0, 0, 0, 0, 0, 0, 0, -4005.59/T + (3.7522349999999998) + (-0.015515488199999998*T) + (1.9919219999999997*log(T)), 4.281082741371245 - (1442.791879429025)/(T + -98.70703246088195), 76699.86811643372 - (0.29709378610943293/T**2) - (-38.14173559905604/T)
295.4993233420155, 57.218097871733704, CCCCOCCOC, 7, 0, 0, 0, 0, 0, 0, 0, 0, 0, 0, 2, 0, 0, 0, 0, 0, 0, 0, 0, 0, 0, 0, 0, 0, 0, 0, 0, 0, 0, -3594.342/T + (2.8553159999999993) + (-0.013029418199999998*T) + (1.85161*log(T)), 4.480699264288107 - (1460.3922007666758)/(T + -89.8448629328653), 68825.20611579284 - (0.24949000211550895/T**2) - (-35.4550123210488/T)
295.4993233420155, 57.218097871733704, CCOCCCOCC, 7, 0, 0, 0, 0, 0, 0, 0, 0, 0, 0, 2, 0, 0, 0, 0, 0, 0, 0, 0, 0, 0, 0, 0, 0, 0, 0, 0, 0, 0, -3594.342/T + (2.8553159999999993) + (-0.013029418199999998*T) + (1.85161*log(T)), 4.480699264288107 - (1460.3922007666758)/(T + -89.8448629328653), 68825.20611579284 - (0.24949000211550895/T**2) - (-35.4550123210488/T)
814.5485149616713, 50.16875496776053, CC(C)OCC1CO1, 6, 0, 0, 1, 0, 0, 0, 0, 0, 0, 0, 1, 1, 0, 0, 0, 0, 0, 0, 0, 0, 0, 0, 0, 0, 0, 0, 0, 0, 0, -3085.5105/T + (3.157357) + (-0.009990139099999998*T) + (1.4173091999999998*log(T)), 4.314578594167997 - (1390.5630511943975)/(T + -81.06624043511825), 59081.995017431 - (0.1912932555340981/T**2) - (-27.138930524643854/T)
784.7848699905545, 52.77405260892559, CCCC(OC)OC, 6, 0, 0, 0, 0, 0, 0, 0, 0, 0, 0, 2, 0, 0, 0, 0, 0, 0, 0, 0, 0, 0, 0, 0, 0, 0, 0, 0, 0, 0, -3183.094/T + (1.9583969999999997) + (-0.010543348199999998*T) + (1.7112979999999998*log(T)), 4.704052372827719 - (1494.614373622754)/(T + -78.71622192572833), 60950.54411515195 - (0.20188621812158483/T**2) - (-32.76828904304155/T)
14700.53072884491, 39.441916820501234, COCOC, 3, 0, 0, 0, 0, 0, 0, 0, 0, 0, 0, 2, 0, 0, 0, 0, 0, 0, 0, 0, 0, 0, 0, 0, 0, 0, 0, 0, 0, 0, -1949.35/T + (-0.7323599999999999) + (-0.0030851381999999995*T) + (1.290362*log(T)), -11746.950723865742 - (7303995473.06313)/(T + -622120.9183457214), 37326.55811322929 - (0.05907486613981255/T**2) - (-24.708119209019806/T)
26.158129864397043, 65.23990526903212, CCCCOCCO, 6, 0, 0, 0, 0, 0, 1, 0, 0, 0, 0, 1, 0, 0, 0, 0, 0, 0, 0, 0, 0, 0, 0, 0, 0, 0, 0, 0, 0, 0, -3764.133/T + (4.640893) + (-0.008010029099999998*T) + (1.1907039999999998*log(T)), 5.782865009222229 - (2287.9956771516736)/(T + -53.92241334064972), 72076.39940001747 - (0.15337769856096015/T**2) - (-22.799847155028374/T)
26.158129864397043, 65.23990526903212, CC(C)COCCO, 6, 0, 0, 0, 0, 0, 1, 0, 0, 0, 0, 1, 0, 0, 0, 0, 0, 0, 0, 0, 0, 0, 0, 0, 0, 0, 0, 0, 0, 0, -3764.133/T + (4.640893) + (-0.008010029099999998*T) + (1.1907039999999998*log(T)), 5.782865009222229 - (2287.9956771516736)/(T + -53.92241334064972), 72076.39940001747 - (0.15337769856096015/T**2) - (-22.799847155028374/T)
22.789744138797023, 63.426016914632456, COCCOC1CCCCO1, 8, 0, 0, 1, 0, 0, 0, 0, 0, 0, 0, 2, 1, 0, 0, 0, 0, 0, 0, 0, 0, 0, 0, 0, 0, 0, 0, 0, 0, 0, -4052.3405000000002/T + (3.0950249999999997) + (-0.014986028199999998*T) + (1.9862232*log(T)), 3.986881053624315 - (1559.9678983364327)/(T + -93.668778441005), 77595.05638692004 - (0.28695557621452933/T**2) - (-38.03261379467218/T)
814.5485149616713, 50.16875496776053, COC1CCCCO1, 6, 0, 0, 1, 0, 0, 0, 0, 0, 0, 0, 1, 1, 0, 0, 0, 0, 0, 0, 0, 0, 0, 0, 0, 0, 0, 0, 0, 0, 0, -3085.5105/T + (3.157357) + (-0.009990139099999998*T) + (1.4173091999999998*log(T)), 4.314578594167997 - (1390.5630511943975)/(T + -81.06624043511825), 59081.995017431 - (0.1912932555340981/T**2) - (-27.138930524643854/T)
10.21479037212017, 67.66324503929236, c1ccc(cc1)C2OCCO2, 9, 0, 1, 1, 0, 0, 0, 0, 0, 0, 0, 0, 2, 0, 0, 0, 0, 0, 0, 0, 0, 0, 0, 0, 0, 0, 0, 0, 0, 0, -4099.3678/T + (4.345644999999999) + (-0.01157928*T) + (1.5549673999999998*log(T)), 4.977916621658117 - (2022.0429332538563)/(T + -72.73155770185727), 78495.54488121724 - (0.2217224550898266/T**2) - (-29.774838289828423/T)
890.4156049937359, 51.71672853893507, C1CCOCOCC1, 6, 0, 0, 1, 0, 0, 0, 0, 0, 0, 0, 0, 2, 0, 0, 0, 0, 0, 0, 0, 0, 0, 0, 0, 0, 0, 0, 0, 0, 0, -2900.65/T + (2.5757269999999997) + (-0.006365059999999999*T) + (1.2276614*log(T)), 5.493189536132296 - (1873.3335955631317)/(T + -49.93875253380943), 55542.24782165261 - (0.12187948905234627/T**2) - (-23.507515115535135/T)
890.4156049937359, 51.71672853893507, CC1(COCOC1)C, 6, 0, 0, 1, 0, 0, 0, 0, 0, 0, 0, 0, 2, 0, 0, 0, 0, 0, 0, 0, 0, 0, 0, 0, 0, 0, 0, 0, 0, 0, -2900.65/T + (2.5757269999999997) + (-0.006365059999999999*T) + (1.2276614*log(T)), 5.493189536132296 - (1873.3335955631317)/(T + -49.93875253380943), 55542.24782165261 - (0.12187948905234627/T**2) - (-23.507515115535135/T)
890.4156049937359, 51.71672853893507, CC1(CCOCO1)C, 6, 0, 0, 1, 0, 0, 0, 0, 0, 0, 0, 0, 2, 0, 0, 0, 0, 0, 0, 0, 0, 0, 0, 0, 0, 0, 0, 0, 0, 0, -2900.65/T + (2.5757269999999997) + (-0.006365059999999999*T) + (1.2276614*log(T)), 5.493189536132296 - (1873.3335955631317)/(T + -49.93875253380943), 55542.24782165261 - (0.12187948905234627/T**2) - (-23.507515115535135/T)
2364.7590353152377, 47.272683276126955, C1CCOCOC1, 5, 0, 0, 1, 0, 0, 0, 0, 0, 0, 0, 0, 2, 0, 0, 0, 0, 0, 0, 0, 0, 0, 0, 0, 0, 0, 0, 0, 0, 0, -2489.402/T + (1.678808) + (-0.003878989999999999*T) + (1.0873494*log(T)), 5.854603113880068 - (2016.597773890896)/(T + -28.750900899551667), 47667.585821011715 - (0.07427570505842215/T**2) - (-20.82079183752789/T)
890.4156049937359, 51.71672853893507, CC1CCOC(O1)C, 6, 0, 0, 1, 0, 0, 0, 0, 0, 0, 0, 0, 2, 0, 0, 0, 0, 0, 0, 0, 0, 0, 0, 0, 0, 0, 0, 0, 0, 0, -2900.65/T + (2.5757269999999997) + (-0.006365059999999999*T) + (1.2276614*log(T)), 5.493189536132296 - (1873.3335955631317)/(T + -49.93875253380943), 55542.24782165261 - (0.12187948905234627/T**2) - (-23.507515115535135/T)
126.24218447075626, 60.60481906455131, CC1CC(OC(O1)(C)C)C, 8, 0, 0, 1, 0, 0, 0, 0, 0, 0, 0, 0, 2, 0, 0, 0, 0, 0, 0, 0, 0, 0, 0, 0, 0, 0, 0, 0, 0, 0, -3723.146/T + (4.369565) + (-0.011337199999999999*T) + (1.5082853999999999*log(T)), 4.938711967109703 - (1723.9607880344058)/(T + -78.22870540520243), 71291.57182293438 - (0.2170870570401944/T**2) - (-28.880961671549628/T)
2364.7590353152377, 47.272683276126955, CC1CCOCO1, 5, 0, 0, 1, 0, 0, 0, 0, 0, 0, 0, 0, 2, 0, 0, 0, 0, 0, 0, 0, 0, 0, 0, 0, 0, 0, 0, 0, 0, 0, -2489.402/T + (1.678808) + (-0.003878989999999999*T) + (1.0873494*log(T)), 5.854603113880068 - (2016.597773890896)/(T + -28.750900899551667), 47667.585821011715 - (0.07427570505842215/T**2) - (-20.82079183752789/T)
6280.309176684291, 42.82863801331884, C1COCOC1, 4, 0, 0, 1, 0, 0, 0, 0, 0, 0, 0, 0, 2, 0, 0, 0, 0, 0, 0, 0, 0, 0, 0, 0, 0, 0, 0, 0, 0, 0, -2078.154/T + (0.7818889999999996) + (-0.0013929199999999989*T) + (0.9470373999999999*log(T)), -14470.29166325665 - (10097259381.614561)/(T + -698149.1567653323), 39792.92382037083 - (0.02667192106449806/T**2) - (-18.13406855952064/T)
6280.309176684291, 42.82863801331884, C1COCCO1, 4, 0, 0, 1, 0, 0, 0, 0, 0, 0, 0, 0, 2, 0, 0, 0, 0, 0, 0, 0, 0, 0, 0, 0, 0, 0, 0, 0, 0, 0, -2078.154/T + (0.7818889999999996) + (-0.0013929199999999989*T) + (0.9470373999999999*log(T)), -14470.29166325665 - (10097259381.614561)/(T + -698149.1567653323), 39792.92382037083 - (0.02667192106449806/T**2) - (-18.13406855952064/T)
16679.197654270512, 38.38459275051072, C1COCO1, 3, 0, 0, 1, 0, 0, 0, 0, 0, 0, 0, 0, 2, 0, 0, 0, 0, 0, 0, 0, 0, 0, 0, 0, 0, 0, 0, 0, 0, 0, -1666.906/T + (-0.11502999999999997) + (0.0010931500000000002*T) + (0.8067253999999999*log(T)), 6.949057425576459 - (2652.9150642113477)/(T + 44.90764312769602), 31918.261819729945 - (-0.020931862929426004/T**2) - (-15.447345281513394/T)
611.6103482974275, 51.63681828497435, CC=CC(OC)OC, 6, 0, 0, 0, 1, 0, 0, 0, 0, 0, 0, 2, 0, 0, 0, 0, 0, 0, 0, 0, 0, 0, 0, 0, 0, 0, 0, 0, 0, 0, -3177.36065/T + (1.9753733999999996) + (-0.011172305199999998*T) + (1.7188523399999998*log(T)), 4.262396682513687 - (1381.4273672288477)/(T + -84.88384586882171), 60840.760740202095 - (0.213929617209087/T**2) - (-32.91294111220157/T)
4313.830599357512, 42.74872775935812, COC(=C)OC, 4, 0, 0, 0, 1, 0, 0, 0, 0, 0, 0, 2, 0, 0, 0, 0, 0, 0, 0, 0, 0, 0, 0, 0, 0, 0, 0, 0, 0, 0, -2354.86465/T + (0.18153539999999957) + (-0.0062001652*T) + (1.4382283399999998*log(T)), 4.785597153950072 - (1506.9465660440976)/(T + -53.30163800061617), 45091.436738920325 - (0.11872204922123877/T**2) - (-27.539494556187076/T)
9.579196437752931e-05, 105.55190178534677, COc1ccc(cc1OC)CCC(=O)O, 11, 0, 1, 0, 0, 0, 0, 0, 0, 1, 0, 0, 0, 2, 0, 0, 0, 0, 0, 0, 0, 0, 0, 0, 0, 0, 0, 0, 0, 0, -5855.917/T + (6.006653) + (-0.00797881*T) + (1.2266019999999997*log(T)), 7.315652791146832 - (4302.093459687066)/(T + -34.82450381517001), 112130.31328737646 - (0.15277990875902997/T**2) - (-23.48722950460577/T)
0.0006756430924602286, 96.66381125973054, COc1ccc(cc1OC)C(=O)O, 9, 0, 1, 0, 0, 0, 0, 0, 0, 1, 0, 0, 0, 2, 0, 0, 0, 0, 0, 0, 0, 0, 0, 0, 0, 0, 0, 0, 0, 0, -5033.421/T + (4.212815000000001) + (-0.0030066699999999986*T) + (0.9459779999999998*log(T)), 8.1674436369052 - (4702.230676348431)/(T + -10.424170431965512), 96380.98928609467 - (0.057572340771181674/T**2) - (-18.11378294859128/T)
0.0006756430924602286, 96.66381125973054, COc1cc(cc(c1)OC)C(=O)O, 9, 0, 1, 0, 0, 0, 0, 0, 0, 1, 0, 0, 0, 2, 0, 0, 0, 0, 0, 0, 0, 0, 0, 0, 0, 0, 0, 0, 0, 0, -5033.421/T + (4.212815000000001) + (-0.0030066699999999986*T) + (0.9459779999999998*log(T)), 8.1674436369052 - (4702.230676348431)/(T + -10.424170431965512), 96380.98928609467 - (0.057572340771181674/T**2) - (-18.11378294859128/T)
0.0006756430924602286, 96.66381125973054, COc1cccc(c1C(=O)O)OC, 9, 0, 1, 0, 0, 0, 0, 0, 0, 1, 0, 0, 0, 2, 0, 0, 0, 0, 0, 0, 0, 0, 0, 0, 0, 0, 0, 0, 0, 0, -5033.421/T + (4.212815000000001) + (-0.0030066699999999986*T) + (0.9459779999999998*log(T)), 8.1674436369052 - (4702.230676348431)/(T + -10.424170431965512), 96380.98928609467 - (0.057572340771181674/T**2) - (-18.11378294859128/T)
0.002615711182218832, 94.22463086181493, COc1ccc(cc1)CCC(=O)O, 10, 0, 1, 0, 0, 0, 0, 0, 0, 1, 0, 0, 0, 1, 0, 0, 0, 0, 0, 0, 0, 0, 0, 0, 0, 0, 0, 0, 0, 0, -5373.9284/T + (6.176474) + (-0.009223779999999999*T) + (1.2302929999999996*log(T)), 6.412156172846868 - (3536.9249121690705)/(T + -45.4623571810856), 102901.09560568047 - (0.17661885253732884/T**2) - (-23.55790553815333/T)
0.002615711182218832, 94.22463086181493, COc1ccccc1CCC(=O)O, 10, 0, 1, 0, 0, 0, 0, 0, 0, 1, 0, 0, 0, 1, 0, 0, 0, 0, 0, 0, 0, 0, 0, 0, 0, 0, 0, 0, 0, 0, -5373.9284/T + (6.176474) + (-0.009223779999999999*T) + (1.2302929999999996*log(T)), 6.412156172846868 - (3536.9249121690705)/(T + -45.4623571810856), 102901.09560568047 - (0.17661885253732884/T**2) - (-23.55790553815333/T)
2.8667197002280917, 72.4251121121406, COc1ccc(cc1)C=O, 8, 0, 1, 0, 0, 0, 0, 1, 0, 0, 0, 0, 0, 1, 0, 0, 0, 0, 0, 0, 0, 0, 0, 0, 0, 0, 0, 0, 0, 0, -4482.1374000000005/T + (6.463013) + (-0.012419600000000001*T) + (1.3557859999999997*log(T)), 4.93332837014219 - (2108.538403215154)/(T + -75.65796486477814), 85824.89657197446 - (0.23781307673997093/T**2) - (-25.96087153056284/T)
1.2175224504645117, 66.20708615891488, COc1ccc(cc1)O, 7, 0, 1, 0, 0, 0, 0, 0, 0, 0, 0, 0, 0, 1, 0, 0, 1, 0, 0, 0, 0, 0, 0, 0, 0, 0, 0, 0, 0, 0, -3795.3494/T + (4.253971999999999) + (-0.00714667*T) + (0.9980053999999999*log(T)), 4.780335600721928 - (2416.3470049205507)/(T + -48.99567909976727), 72674.13750178771 - (0.13684591944549332/T**2) - (-19.110014394755506/T)
0.0006756430924602286, 96.66381125973054, COc1ccc(c(c1)OC)C(=O)O, 9, 0, 1, 0, 0, 0, 0, 0, 0, 1, 0, 0, 0, 2, 0, 0, 0, 0, 0, 0, 0, 0, 0, 0, 0, 0, 0, 0, 0, 0, -5033.421/T + (4.212815000000001) + (-0.0030066699999999986*T) + (0.9459779999999998*log(T)), 8.1674436369052 - (4702.230676348431)/(T + -10.424170431965512), 96380.98928609467 - (0.057572340771181674/T**2) - (-18.11378294859128/T)
0.0006756430924602286, 96.66381125973054, COc1cccc(c1OC)C(=O)O, 9, 0, 1, 0, 0, 0, 0, 0, 0, 1, 0, 0, 0, 2, 0, 0, 0, 0, 0, 0, 0, 0, 0, 0, 0, 0, 0, 0, 0, 0, -5033.421/T + (4.212815000000001) + (-0.0030066699999999986*T) + (0.9459779999999998*log(T)), 8.1674436369052 - (4702.230676348431)/(T + -10.424170431965512), 96380.98928609467 - (0.057572340771181674/T**2) - (-18.11378294859128/T)
0.00024059343089756128, 98.06852957068212, C1C2C(C(C(C(O1)O2)O)O)O, 6, 0, 0, 2, 0, 0, 3, 0, 0, 0, 0, 0, 2, 0, 0, 0, 0, 0, 0, 0, 0, 0, 0, 0, 0, 0, 0, 0, 0, 0, -5164.046/T + (6.835294999999999) + (-0.0019082199999999987*T) + (0.4264083999999999*log(T)), 8.076848588366433 - (4840.448421974385)/(T + -8.316325997960899), 98882.22387892847 - (0.03653899234248667/T**2) - (-8.16495648424814/T)
10.664124730897317, 66.07717214737399, c1ccc(cc1)CON(=O)=O, 7, 0, 1, 0, 0, 0, 0, 0, 0, 0, 0, 0, 0, 0, 1, 0, 0, 0, 0, 0, 0, 0, 0, 0, 0, 0, 0, 0, 0, 0, -4054.2958000000003/T + (4.612426999999999) + (-0.01180941*T) + (1.4969349999999997*log(T)), 4.653136632006463 - (1914.9003849758603)/(T + -76.17153375172435), 77632.49687686737 - (0.22612903206091833/T**2) - (-28.663621858171638/T)
350.02123221444134, 54.574700909824806, CC(C)CCO[N+](=O)[O-], 5, 0, 0, 0, 0, 0, 0, 0, 0, 0, 0, 0, 0, 0, 1, 0, 0, 0, 0, 0, 0, 0, 0, 0, 0, 0, 0, 0, 0, 0, -3266.826/T + (3.739428) + (-0.009081259999999999*T) + (1.3099409999999998*log(T)), 4.864148935587497 - (1670.6416545996165)/(T + -69.99920670748912), 62553.8618179436 - (0.17388985001736196/T**2) - (-25.083021961885592/T)
929.5837435790404, 50.13065564701669, CCCCO[N+](=O)[O-], 4, 0, 0, 0, 0, 0, 0, 0, 0, 0, 0, 0, 0, 0, 1, 0, 0, 0, 0, 0, 0, 0, 0, 0, 0, 0, 0, 0, 0, 0, -2855.578/T + (2.8425089999999997) + (-0.006595189999999999*T) + (1.169629*log(T)), 5.149039550808359 - (1751.0762511088926)/(T + -54.41489260316296), 54679.19981730271 - (0.12628606602343787/T**2) - (-22.396298683878342/T)
929.5837435790404, 50.13065564701669, CC(C)CO[N+](=O)[O-], 4, 0, 0, 0, 0, 0, 0, 0, 0, 0, 0, 0, 0, 0, 1, 0, 0, 0, 0, 0, 0, 0, 0, 0, 0, 0, 0, 0, 0, 0, -2855.578/T + (2.8425089999999997) + (-0.006595189999999999*T) + (1.169629*log(T)), 5.149039550808359 - (1751.0762511088926)/(T + -54.41489260316296), 54679.19981730271 - (0.12628606602343787/T**2) - (-22.396298683878342/T)
2468.7814817959797, 45.68661038420857, CCCO[N+](=O)[O-], 3, 0, 0, 0, 0, 0, 0, 0, 0, 0, 0, 0, 0, 0, 1, 0, 0, 0, 0, 0, 0, 0, 0, 0, 0, 0, 0, 0, 0, 0, -2444.33/T + (1.9455900000000004) + (-0.004109119999999999*T) + (1.0293169999999998*log(T)), 5.493762673418427 - (1880.1962350479898)/(T + -33.55279704493601), 46804.53781666183 - (0.0786822820295138/T**2) - (-19.7095754058711/T)
2468.7814817959797, 45.68661038420857, CC(C)O[N+](=O)[O-], 3, 0, 0, 0, 0, 0, 0, 0, 0, 0, 0, 0, 0, 0, 1, 0, 0, 0, 0, 0, 0, 0, 0, 0, 0, 0, 0, 0, 0, 0, -2444.33/T + (1.9455900000000004) + (-0.004109119999999999*T) + (1.0293169999999998*log(T)), 5.493762673418427 - (1880.1962350479898)/(T + -33.55279704493601), 46804.53781666183 - (0.0786822820295138/T**2) - (-19.7095754058711/T)
6556.57120400204, 41.24256512140045, CCO[N+](=O)[O-], 2, 0, 0, 0, 0, 0, 0, 0, 0, 0, 0, 0, 0, 0, 1, 0, 0, 0, 0, 0, 0, 0, 0, 0, 0, 0, 0, 0, 0, 0, -2033.0819999999999/T + (1.048671) + (-0.0016230499999999996*T) + (0.8890049999999999*log(T)), 5.934111015272082 - (2093.608746441863)/(T + -4.224154900097949), 38929.87581602094 - (0.031078498035589687/T**2) - (-17.02285212786385/T)
125.13845441913887, 54.86547496029333, C1CCC(CC1)O[N+](=O)[O-], 6, 0, 0, 1, 0, 0, 0, 0, 0, 0, 0, 0, 0, 0, 1, 0, 0, 0, 0, 0, 0, 0, 0, 0, 0, 0, 0, 0, 0, 0, -3765.351/T + (6.416937) + (-0.014639199999999998*T) + (1.3459119999999998*log(T)), 3.23294918437835 - (1166.1865080104565)/(T + -108.05437788588699), 72099.72191664195 - (0.28031443790555116/T**2) - (-25.771802130603866/T)
332.3417616373923, 50.42142969748521, C1CCC(C1)O[N+](=O)[O-], 5, 0, 0, 1, 0, 0, 0, 0, 0, 0, 0, 0, 0, 0, 1, 0, 0, 0, 0, 0, 0, 0, 0, 0, 0, 0, 0, 0, 0, 0, -3354.103/T + (5.520018) + (-0.012153129999999998*T) + (1.2056*log(T)), 3.412298963133007 - (1170.2176543391442)/(T + -99.51347100052028), 64225.05991600106 - (0.23271065391162704/T**2) - (-23.08507885259662/T)
0.00030859095986745345, 95.08564317698463, C(C(CO[N+](=O)[O-])(CO[N+](=O)[O-])[N+](=O)[O-])O[N+](=O)[O-], 4, 0, 0, 0, 0, 0, 0, 0, 0, 0, 0, 0, 0, 0, 3, 1, 0, 0, 0, 0, 0, 0, 0, 0, 0, 0, 0, 0, 0, 0, -4986.746/T + (0.05531300000000028) + (-0.006107990000000001*T) + (1.7507519999999999*log(T)), 6.888084913592641 - (4245.405730510771)/(T + -22.526144285124747), 95487.24670526774 - (0.11695705937364931/T**2) - (-33.52376241816626/T)
0.10559052382884937, 75.652683196646, C(C(CO[N+](=O)[O-])O[N+](=O)[O-])O[N+](=O)[O-], 3, 0, 0, 0, 0, 0, 0, 0, 0, 0, 0, 0, 0, 0, 3, 0, 0, 0, 0, 0, 0, 0, 0, 0, 0, 0, 0, 0, 0, 0, -4011.6259999999997/T + (-0.12318999999999924) + (-0.00625208*T) + (1.660387*log(T)), 5.944073571325542 - (3197.6873028349146)/(T + -29.989392843036764), 76815.44669635598 - (0.11971612457924874/T**2) - (-31.79343465562902/T)
1.199693820249241, 69.48286347449108, C(CO[N+](=O)[O-])OCCO[N+](=O)[O-], 4, 0, 0, 0, 0, 0, 0, 0, 0, 0, 0, 1, 0, 0, 2, 0, 0, 0, 0, 0, 0, 0, 0, 0, 0, 0, 0, 0, 0, 0, -3783.5599999999995/T + (-0.048051000000000066) + (-0.007690419099999999*T) + (1.7734539999999999*log(T)), 5.5299653832029705 - (2675.5946733526202)/(T + -42.220093761425), 72448.39162535706 - (0.14725773999088845/T**2) - (-33.958465022771136/T)
0.0007624497507932579, 96.06087989374683, Cc1c(cc(cc1[N+](=O)[O-])[N+](=O)[O-])[N+](=O)[O-], 7, 0, 1, 0, 0, 0, 0, 0, 0, 0, 0, 0, 0, 0, 0, 3, 0, 0, 0, 0, 0, 0, 0, 0, 0, 0, 0, 0, 0, 0, -4962.263800000001/T + (3.4915689999999993) + (-0.0028474499999999996*T) + (1.0315589999999997*log(T)), 8.221368446143856 - (4732.7138943587)/(T + -8.585850339046985), 95018.4564618329 - (0.05452356318748036/T**2) - (-19.75250568688265/T)
1103.2393897794493, 50.1365339583285, CCCC[N+](=O)[O-], 4, 0, 0, 0, 0, 0, 0, 0, 0, 0, 0, 0, 0, 0, 0, 1, 0, 0, 0, 0, 0, 0, 0, 0, 0, 0, 0, 0, 0, 0, -2635.8019999999997/T + (3.158483) + (-0.0028935499999999995*T) + (0.804147*log(T)), 6.209310230123024 - (2266.2482508904386)/(T + -20.818757073952803), 50470.883385726505 - (0.055406295549046886/T**2) - (-15.397973543529371/T)
1103.2393897794493, 50.1365339583285, CCC(C)[N+](=O)[O-], 4, 0, 0, 0, 0, 0, 0, 0, 0, 0, 0, 0, 0, 0, 0, 1, 0, 0, 0, 0, 0, 0, 0, 0, 0, 0, 0, 0, 0, 0, -2635.8019999999997/T + (3.158483) + (-0.0028935499999999995*T) + (0.804147*log(T)), 6.209310230123024 - (2266.2482508904386)/(T + -20.818757073952803), 50470.883385726505 - (0.055406295549046886/T**2) - (-15.397973543529371/T)
2.7323885283298233, 71.41560330249884, CCC(C(C)O)[N+](=O)[O-], 5, 0, 0, 0, 0, 0, 1, 0, 0, 0, 0, 0, 0, 0, 0, 1, 0, 0, 0, 0, 0, 0, 0, 0, 0, 0, 0, 0, 0, 0, -3772.423/T + (4.881728) + (-0.0028700499999999994*T) + (0.7121549999999999*log(T)), 7.278344551659293 - (3344.2096842685332)/(T + -15.86138604693341), 72235.1380394402 - (0.054956312674929425/T**2) - (-13.63649164753728/T)
7.256656806239507, 66.97155803969072, CC(C(C)O)[N+](=O)[O-], 4, 0, 0, 0, 0, 0, 1, 0, 0, 0, 0, 0, 0, 0, 0, 1, 0, 0, 0, 0, 0, 0, 0, 0, 0, 0, 0, 0, 0, 0, -3361.1749999999997/T + (3.984809) + (-0.0003839799999999995*T) + (0.5718429999999999*log(T)), 7.778612300544374 - (3613.54466553231)/(T + 4.906686437580197), 64360.47603879931 - (0.007352528681005326/T**2) - (-10.94976836953003/T)
51.182894905121366, 58.083467514074485, C(CO)[N+](=O)[O-], 2, 0, 0, 0, 0, 0, 1, 0, 0, 0, 0, 0, 0, 0, 0, 1, 0, 0, 0, 0, 0, 0, 0, 0, 0, 0, 0, 0, 0, 0, -2538.679/T + (2.190971) + (0.004588160000000001*T) + (0.2912189999999999*log(T)), 9.177551009771813 - (4564.16367410334)/(T + 67.70069095975332), 48611.15203751753 - (-0.08785503930684285/T**2) - (-5.576321813515539/T)
3.009479490093831, 85.04861709685206, CCOC(=O)C[N+](=O)[O-], 4, 0, 0, 0, 0, 0, 0, 0, 0, 0, 0, 0, 0, 0, 0, 1, 0, 0, 0, 0, 0, 0, 0, 0, 0, 0, 0, 0, 0, 1, -4251.0019999999995/T + (4.060152) + (-0.0014481899999999996*T) + (1.0710359999999999*log(T)), 10.443964070723876 - (4485.550187987353)/(T + 1.4644273779714723), 81399.06799315357 - (0.02773024248800753/T**2) - (-20.50841947077776/T)
1.1331757108736096, 89.49266235966017, CCOC(=O)C(C)[N+](=O)[O-], 5, 0, 0, 0, 0, 0, 0, 0, 0, 0, 0, 0, 0, 0, 0, 1, 0, 0, 0, 0, 0, 0, 0, 0, 0, 0, 0, 0, 0, 1, -4662.25/T + (4.957071) + (-0.00393426*T) + (1.2113479999999999*log(T)), 9.948652194543497 - (4221.03895466453)/(T + -14.84248360192384), 89273.72999379445 - (0.07533402648193162/T**2) - (-23.19514274878501/T)
3.009479490093831, 85.04861709685206, CC(C(=O)OC)[N+](=O)[O-], 4, 0, 0, 0, 0, 0, 0, 0, 0, 0, 0, 0, 0, 0, 0, 1, 0, 0, 0, 0, 0, 0, 0, 0, 0, 0, 0, 0, 0, 1, -4251.0019999999995/T + (4.060152) + (-0.0014481899999999996*T) + (1.0710359999999999*log(T)), 10.443964070723876 - (4485.550187987353)/(T + 1.4644273779714723), 81399.06799315357 - (0.02773024248800753/T**2) - (-20.50841947077776/T)
7.992552888654006, 80.60457183404394, COC(=O)C[N+](=O)[O-], 3, 0, 0, 0, 0, 0, 0, 0, 0, 0, 0, 0, 0, 0, 0, 1, 0, 0, 0, 0, 0, 0, 0, 0, 0, 0, 0, 0, 0, 1, -3839.754/T + (3.1632330000000004) + (0.0010378800000000004*T) + (0.9307239999999999*log(T)), 11.024232166596976 - (4833.687671666476)/(T + 21.37181246520977), 73524.40599251268 - (-0.019873541505916536/T**2) - (-17.821696192770517/T)
127.6952460890099, 49.755309044022624, CC(C(=O)C)N(=O)=O, 4, 0, 0, 0, 0, 0, 0, 0, 1, 0, 0, 0, 0, 0, 0, 1, 0, 0, 0, 0, 0, 0, 0, 0, 0, 0, 0, 0, 0, 0, -2649.5476/T + (3.681969) + (-0.0023432519999999992*T) + (0.5271969999999999*log(T)), 5.250238879332058 - (2271.1674238072796)/(T + -19.449977584218296), 50734.08698549115 - (0.04486907530814924/T**2) - (-10.094877501536477/T)
35.78009126262427, 56.138686166334026, c1cc(cc(c1)O)[N+](=O)[O-], 6, 0, 1, 0, 0, 0, 0, 0, 0, 0, 0, 0, 0, 0, 0, 1, 0, 0, 0, 0, 0, 0, 0, 0, 0, 0, 0, 0, 1, 0, -3476.0652/T + (3.5677929999999995) + (-0.01073817*T) + (1.3761059999999998*log(T)), 3.7484033137630797 - (1568.4730337010635)/(T + -80.19785886042726), 66560.41741768998 - (0.20561670635582902/T**2) - (-26.34996310511888/T)
35.78009126262427, 56.138686166334026, c1cc(ccc1[N+](=O)[O-])O, 6, 0, 1, 0, 0, 0, 0, 0, 0, 0, 0, 0, 0, 0, 0, 1, 0, 0, 0, 0, 0, 0, 0, 0, 0, 0, 0, 0, 1, 0, -3476.0652/T + (3.5677929999999995) + (-0.01073817*T) + (1.3761059999999998*log(T)), 3.7484033137630797 - (1568.4730337010635)/(T + -80.19785886042726), 66560.41741768998 - (0.20561670635582902/T**2) - (-26.34996310511888/T)
0.7192252410639192, 73.91486721756651, CCC(C)c1ccc(c(c1)[N+](=O)[O-])O, 10, 0, 1, 0, 0, 0, 0, 0, 0, 0, 0, 0, 0, 0, 0, 1, 0, 0, 0, 0, 0, 0, 0, 0, 0, 0, 0, 0, 1, 0, -5121.057199999999/T + (7.155469) + (-0.020682449999999998*T) + (1.9373539999999998*log(T)), 2.9763648698296117 - (1515.0283582936988)/(T + -111.4749521775945), 98059.06542025352 - (0.39603184233152533/T**2) - (-37.096856217147874/T)
13.472472726631814, 60.58273142914214, Cc1ccc(c(c1)O)[N+](=O)[O-], 7, 0, 1, 0, 0, 0, 0, 0, 0, 0, 0, 0, 0, 0, 0, 1, 0, 0, 0, 0, 0, 0, 0, 0, 0, 0, 0, 0, 1, 0, -3887.3132/T + (4.464711999999999) + (-0.01322424*T) + (1.5164179999999998*log(T)), 3.527662931914172 - (1536.1289664970643)/(T + -90.52616834031308), 74435.07941833088 - (0.25322049034975314/T**2) - (-29.03668638312613/T)
13.472472726631814, 60.58273142914214, Cc1ccc(c(c1)[N+](=O)[O-])O, 7, 0, 1, 0, 0, 0, 0, 0, 0, 0, 0, 0, 0, 0, 0, 1, 0, 0, 0, 0, 0, 0, 0, 0, 0, 0, 0, 0, 1, 0, -3887.3132/T + (4.464711999999999) + (-0.01322424*T) + (1.5164179999999998*log(T)), 3.527662931914172 - (1536.1289664970643)/(T + -90.52616834031308), 74435.07941833088 - (0.25322049034975314/T**2) - (-29.03668638312613/T)
13.472472726631814, 60.58273142914214, Cc1cccc(c1[N+](=O)[O-])O, 7, 0, 1, 0, 0, 0, 0, 0, 0, 0, 0, 0, 0, 0, 0, 1, 0, 0, 0, 0, 0, 0, 0, 0, 0, 0, 0, 0, 1, 0, -3887.3132/T + (4.464711999999999) + (-0.01322424*T) + (1.5164179999999998*log(T)), 3.527662931914172 - (1536.1289664970643)/(T + -90.52616834031308), 74435.07941833088 - (0.25322049034975314/T**2) - (-29.03668638312613/T)
35.78009126262427, 56.138686166334026, c1ccc(c(c1)[N+](=O)[O-])O, 6, 0, 1, 0, 0, 0, 0, 0, 0, 0, 0, 0, 0, 0, 0, 1, 0, 0, 0, 0, 0, 0, 0, 0, 0, 0, 0, 0, 1, 0, -3476.0652/T + (3.5677929999999995) + (-0.01073817*T) + (1.3761059999999998*log(T)), 3.7484033137630797 - (1568.4730337010635)/(T + -80.19785886042726), 66560.41741768998 - (0.20561670635582902/T**2) - (-26.34996310511888/T)
0.0014723023842217484, 93.4422293930055, Cc1ccc(c(c1)C(=O)O)[N+](=O)[O-], 8, 0, 1, 0, 0, 0, 0, 0, 0, 1, 0, 0, 0, 0, 0, 1, 0, 0, 0, 0, 0, 0, 0, 0, 0, 0, 0, 0, 0, 0, -5044.563800000001/T + (4.73096) + (-0.0053525199999999995*T) + (1.0437249999999998*log(T)), 7.169005860276575 - (4099.880031080781)/(T + -24.919240286173288), 96594.3539316145 - (0.1024911631221802/T**2) - (-19.985462778223628/T)
0.0014723023842217484, 93.4422293930055, Cc1cccc(c1C(=O)O)[N+](=O)[O-], 8, 0, 1, 0, 0, 0, 0, 0, 0, 1, 0, 0, 0, 0, 0, 1, 0, 0, 0, 0, 0, 0, 0, 0, 0, 0, 0, 0, 0, 0, -5044.563800000001/T + (4.73096) + (-0.0053525199999999995*T) + (1.0437249999999998*log(T)), 7.169005860276575 - (4099.880031080781)/(T + -24.919240286173288), 96594.3539316145 - (0.1024911631221802/T**2) - (-19.985462778223628/T)
0.0014723023842217484, 93.4422293930055, Cc1ccc(cc1[N+](=O)[O-])C(=O)O, 8, 0, 1, 0, 0, 0, 0, 0, 0, 1, 0, 0, 0, 0, 0, 1, 0, 0, 0, 0, 0, 0, 0, 0, 0, 0, 0, 0, 0, 0, -5044.563800000001/T + (4.73096) + (-0.0053525199999999995*T) + (1.0437249999999998*log(T)), 7.169005860276575 - (4099.880031080781)/(T + -24.919240286173288), 96594.3539316145 - (0.1024911631221802/T**2) - (-19.985462778223628/T)
0.0039101295465605, 88.99818413019739, c1ccc(c(c1)C(=O)O)[N+](=O)[O-], 7, 0, 1, 0, 0, 0, 0, 0, 0, 1, 0, 0, 0, 0, 0, 1, 0, 0, 0, 0, 0, 0, 0, 0, 0, 0, 0, 0, 0, 0, -4633.3158/T + (3.8340409999999996) + (-0.00286645*T) + (0.9034129999999998*log(T)), 7.61605553797993 - (4319.060030441333)/(T + -10.7667078890503), 88719.69193097361 - (0.054887379128256183/T**2) - (-17.298739500216385/T)
0.0039101295465605, 88.99818413019739, c1cc(cc(c1)[N+](=O)[O-])C(=O)O, 7, 0, 1, 0, 0, 0, 0, 0, 0, 1, 0, 0, 0, 0, 0, 1, 0, 0, 0, 0, 0, 0, 0, 0, 0, 0, 0, 0, 0, 0, -4633.3158/T + (3.8340409999999996) + (-0.00286645*T) + (0.9034129999999998*log(T)), 7.61605553797993 - (4319.060030441333)/(T + -10.7667078890503), 88719.69193097361 - (0.054887379128256183/T**2) - (-17.298739500216385/T)
0.0014723023842217484, 93.4422293930055, Cc1cccc(c1[N+](=O)[O-])C(=O)O, 8, 0, 1, 0, 0, 0, 0, 0, 0, 1, 0, 0, 0, 0, 0, 1, 0, 0, 0, 0, 0, 0, 0, 0, 0, 0, 0, 0, 0, 0, -5044.563800000001/T + (4.73096) + (-0.0053525199999999995*T) + (1.0437249999999998*log(T)), 7.169005860276575 - (4099.880031080781)/(T + -24.919240286173288), 96594.3539316145 - (0.1024911631221802/T**2) - (-19.985462778223628/T)
0.0014723023842217484, 93.4422293930055, Cc1cc(ccc1[N+](=O)[O-])C(=O)O, 8, 0, 1, 0, 0, 0, 0, 0, 0, 1, 0, 0, 0, 0, 0, 1, 0, 0, 0, 0, 0, 0, 0, 0, 0, 0, 0, 0, 0, 0, -5044.563800000001/T + (4.73096) + (-0.0053525199999999995*T) + (1.0437249999999998*log(T)), 7.169005860276575 - (4099.880031080781)/(T + -24.919240286173288), 96594.3539316145 - (0.1024911631221802/T**2) - (-19.985462778223628/T)
0.0014723023842217484, 93.4422293930055, Cc1c(cccc1[N+](=O)[O-])C(=O)O, 8, 0, 1, 0, 0, 0, 0, 0, 0, 1, 0, 0, 0, 0, 0, 1, 0, 0, 0, 0, 0, 0, 0, 0, 0, 0, 0, 0, 0, 0, -5044.563800000001/T + (4.73096) + (-0.0053525199999999995*T) + (1.0437249999999998*log(T)), 7.169005860276575 - (4099.880031080781)/(T + -24.919240286173288), 96594.3539316145 - (0.1024911631221802/T**2) - (-19.985462778223628/T)
0.0039101295465605, 88.99818413019739, c1cc(ccc1C(=O)O)[N+](=O)[O-], 7, 0, 1, 0, 0, 0, 0, 0, 0, 1, 0, 0, 0, 0, 0, 1, 0, 0, 0, 0, 0, 0, 0, 0, 0, 0, 0, 0, 0, 0, -4633.3158/T + (3.8340409999999996) + (-0.00286645*T) + (0.9034129999999998*log(T)), 7.61605553797993 - (4319.060030441333)/(T + -10.7667078890503), 88719.69193097361 - (0.054887379128256183/T**2) - (-17.298739500216385/T)
0.10456821603399964, 75.57164614667266, Cc1cc(cc(c1O)[N+](=O)[O-])[N+](=O)[O-], 7, 0, 1, 0, 0, 0, 0, 0, 0, 0, 0, 0, 0, 0, 0, 2, 0, 0, 0, 0, 0, 0, 0, 0, 0, 0, 0, 0, 1, 0, -4451.1852/T + (3.7462959999999996) + (-0.010594079999999999*T) + (1.4664709999999999*log(T)), 4.540210257354684 - (2491.7898318122348)/(T + -61.35169733626367), 85232.21742660174 - (0.20285764115022964/T**2) - (-28.08029086765612/T)
0.27771147797318274, 71.12760088386455, c1cc(c(cc1[N+](=O)[O-])[N+](=O)[O-])O, 6, 0, 1, 0, 0, 0, 0, 0, 0, 0, 0, 0, 0, 0, 0, 2, 0, 0, 0, 0, 0, 0, 0, 0, 0, 0, 0, 0, 1, 0, -4039.9372/T + (2.849377) + (-0.008108009999999999*T) + (1.3261589999999996*log(T)), 4.847323888496374 - (2589.8319495385967)/(T + -49.29108427366264), 77357.55542596085 - (0.15525385715630552/T**2) - (-25.39356758964887/T)
0.27771147797318274, 71.12760088386455, c1cc(c(cc1[N+](=O)[O-])O)[N+](=O)[O-], 6, 0, 1, 0, 0, 0, 0, 0, 0, 0, 0, 0, 0, 0, 0, 2, 0, 0, 0, 0, 0, 0, 0, 0, 0, 0, 0, 0, 1, 0, -4039.9372/T + (2.849377) + (-0.008108009999999999*T) + (1.3261589999999996*log(T)), 4.847323888496374 - (2589.8319495385967)/(T + -49.29108427366264), 77357.55542596085 - (0.15525385715630552/T**2) - (-25.39356758964887/T)
0.646754090698341, 70.58643687659564, c1cc(c(cc1C=O)[N+](=O)[O-])O, 7, 0, 1, 0, 0, 0, 0, 1, 0, 0, 0, 0, 0, 0, 0, 1, 0, 0, 0, 0, 0, 0, 0, 0, 0, 0, 0, 0, 1, 0, -4616.8142/T + (5.450728999999999) + (-0.01615088*T) + (1.6944949999999999*log(T)), 3.244554809995849 - (1712.7542155721299)/(T + -95.04447094480358), 88403.71587158907 - (0.30926040008197225/T**2) - (-32.44654171394386/T)
1.310330150726598, 67.46595708986587, COc1ccc(c(c1)[N+](=O)[O-])O, 7, 0, 1, 0, 0, 0, 0, 0, 0, 0, 0, 0, 0, 1, 0, 1, 0, 0, 0, 0, 0, 0, 0, 0, 0, 0, 0, 0, 1, 0, -3958.0538/T + (3.3979719999999993) + (-0.0094932*T) + (1.372415*log(T)), 4.525840059818596 - (2232.4551866584684)/(T + -60.92986857525213), 75789.63509938594 - (0.1817777625775301/T**2) - (-26.27928707157133/T)
0.0001431958515840119, 100.32545505372921, COc1cccc(c1[N+](=O)[O-])C(=O)O, 8, 0, 1, 0, 0, 0, 0, 0, 0, 1, 0, 0, 0, 1, 0, 1, 0, 0, 0, 0, 0, 0, 0, 0, 0, 0, 0, 0, 0, 0, -5115.304400000001/T + (3.66422) + (-0.0016214799999999994*T) + (0.8997219999999998*log(T)), 8.628587305787944 - (5182.601664812858)/(T + -1.6309786997317217), 97948.90961266958 - (0.03104843534995716/T**2) - (-17.228063466668825/T)
0.0001431958515840119, 100.32545505372921, COc1ccc(cc1[N+](=O)[O-])C(=O)O, 8, 0, 1, 0, 0, 0, 0, 0, 0, 1, 0, 0, 0, 1, 0, 1, 0, 0, 0, 0, 0, 0, 0, 0, 0, 0, 0, 0, 0, 0, -5115.304400000001/T + (3.66422) + (-0.0016214799999999994*T) + (0.8997219999999998*log(T)), 8.628587305787944 - (5182.601664812858)/(T + -1.6309786997317217), 97948.90961266958 - (0.03104843534995716/T**2) - (-17.228063466668825/T)
0.0001431958515840119, 100.32545505372921, COc1cc(ccc1[N+](=O)[O-])C(=O)O, 8, 0, 1, 0, 0, 0, 0, 0, 0, 1, 0, 0, 0, 1, 0, 1, 0, 0, 0, 0, 0, 0, 0, 0, 0, 0, 0, 0, 0, 0, -5115.304400000001/T + (3.66422) + (-0.0016214799999999994*T) + (0.8997219999999998*log(T)), 8.628587305787944 - (5182.601664812858)/(T + -1.6309786997317217), 97948.90961266958 - (0.03104843534995716/T**2) - (-17.228063466668825/T)
1155.4234452797837, 44.38427792829499, CCCCOOCCCC, 8, 0, 0, 0, 0, 0, 0, 0, 0, 0, 0, 0, 0, 0, 0, 0, 0, 0, 0, 0, 0, 0, 0, 0, 0, 1, 0, 0, 0, 0, -3566.829/T + (7.4885625) + (-0.01884768*T) + (1.4306208999999999*log(T)), -9575.83931337599 - (4944096085.726334)/(T + -516713.069580872), 68298.38148534203 - (0.3608992858232484/T**2) - (-27.39382571721362/T)
1155.4234452797837, 44.38427792829499, CCC(C)OOC(C)CC, 8, 0, 0, 0, 0, 0, 0, 0, 0, 0, 0, 0, 0, 0, 0, 0, 0, 0, 0, 0, 0, 0, 0, 0, 0, 1, 0, 0, 0, 0, -3566.829/T + (7.4885625) + (-0.01884768*T) + (1.4306208999999999*log(T)), -9575.83931337599 - (4944096085.726334)/(T + -516713.069580872), 68298.38148534203 - (0.3608992858232484/T**2) - (-27.39382571721362/T)
1155.4234452797837, 44.38427792829499, CC(C)(C)OOC(C)(C)C, 8, 0, 0, 0, 0, 0, 0, 0, 0, 0, 0, 0, 0, 0, 0, 0, 0, 0, 0, 0, 0, 0, 0, 0, 0, 1, 0, 0, 0, 0, -3566.829/T + (7.4885625) + (-0.01884768*T) + (1.4306208999999999*log(T)), -9575.83931337599 - (4944096085.726334)/(T + -516713.069580872), 68298.38148534203 - (0.3608992858232484/T**2) - (-27.39382571721362/T)
57480.12438764273, 26.608096877062522, CCOOCC, 4, 0, 0, 0, 0, 0, 0, 0, 0, 0, 0, 0, 0, 0, 0, 0, 0, 0, 0, 0, 0, 0, 0, 0, 0, 1, 0, 0, 0, 0, -1921.8369999999998/T + (3.9008865) + (-0.008903399999999999*T) + (0.8693728999999999*log(T)), 2.4641515692657756 - (467.9963820771197)/(T + -125.20758537693084), 36799.73348277847 - (0.17048414984755203/T**2) - (-16.64693260518463/T)
0.8413004286424712, 75.26990229529501, CC(C)(c1ccccc1)OO, 9, 0, 1, 0, 0, 0, 0, 0, 0, 0, 0, 0, 0, 0, 0, 0, 0, 0, 0, 0, 0, 0, 0, 0, 0, 0, 1, 0, 0, 0, -4113.4825/T + (1.953475) + (-0.007319319999999999*T) + (1.5699079999999999*log(T)), 6.393039783777866 - (2974.1375237465923)/(T + -38.890811130556145), 78765.81608433665 - (0.14015185745470093/T**2) - (-30.060923997447123/T)
517.2525925517433, 50.43529526932147, CC(C)(C)OO, 4, 0, 0, 0, 0, 0, 0, 0, 0, 0, 0, 0, 0, 0, 0, 0, 0, 0, 0, 0, 0, 0, 0, 0, 0, 0, 1, 0, 0, 0, -2092.2686999999996/T + (-1.6102810000000005) + (0.0028670400000000013*T) + (0.9619779999999999*log(T)), 8.52142199914789 - (3949.4607280365663)/(T + 67.05137762900948), 40063.195023490225 - (-0.05489867657062761/T**2) - (-18.42015426713934/T)
3648.3033152696225, 41.54720474370524, CCOO, 2, 0, 0, 0, 0, 0, 0, 0, 0, 0, 0, 0, 0, 0, 0, 0, 0, 0, 0, 0, 0, 0, 0, 0, 0, 0, 1, 0, 0, 0, -1269.7727/T + (-3.4041190000000006) + (0.007839180000000001*T) + (0.6813539999999999*log(T)), 11.304468553469 - (6669.466928884083)/(T + 224.9570626648378), 24313.871022208456 - (-0.15010624455847577/T**2) - (-13.046707711124848/T)
9689.136376282479, 37.10315948089712, COO, 1, 0, 0, 0, 0, 0, 0, 0, 0, 0, 0, 0, 0, 0, 0, 0, 0, 0, 0, 0, 0, 0, 0, 0, 0, 0, 1, 0, 0, 0, -858.5246999999999/T + (-4.301038) + (0.010325250000000001*T) + (0.541042*log(T)), 14.466059020975022 - (11022.35615648147)/(T + 413.5659765689933), 16439.209021567567 - (-0.19771002855239986/T**2) - (-10.359984433117601/T)
3744.087104821403, 43.19346064051401, CC(=O)OO, 2, 0, 0, 0, 0, 0, 0, 0, 0, 0, 0, 0, 0, 0, 0, 0, 0, 0, 0, 0, 0, 0, 0, 0, 0, 0, 0, 1, 0, 0, -2087.498/T + (0.9870609999999997) + (-0.0009759549999999995*T) + (0.8552819999999999*log(T)), 6.264034279468215 - (2334.1794026828684)/(T + 5.133050127234879), 39971.844670402905 - (0.018687788762098468/T**2) - (-16.377117129401576/T)
0.8827252327965898, 75.83893396354203, CCCCC(CC)C(=O)O, 8, 0, 0, 0, 0, 0, 0, 0, 0, 1, 0, 0, 0, 0, 0, 0, 0, 0, 0, 0, 0, 0, 0, 0, 0, 0, 0, 0, 0, 0, -4515.718/T + (6.370215) + (-0.01022667*T) + (1.1873019999999999*log(T)), 5.495508480923551 - (2496.698118253228)/(T + -61.53489375619872), 86467.90486570165 - (0.19582239826599557/T**2) - (-22.73470495342209/T)
0.03603137922175507, 76.53384132101303, C(C(=O)O)C(=O)O, 3, 0, 0, 0, 0, 0, 0, 0, 0, 2, 0, 0, 0, 0, 0, 0, 0, 0, 0, 0, 0, 0, 0, 0, 0, 0, 0, 0, 0, 0, -3258.274/T + (0.7912600000000003) + (0.007445*T) + (0.25770199999999993*log(T)), 10.658456100308088 - (6515.981273132611)/(T + 82.68931466335405), 62390.10634817967 - (-0.14255840416189602/T**2) - (-4.934531345779574/T)
0.013567091551135939, 80.97788658382115, C(CC(=O)O)C(=O)O, 4, 0, 0, 0, 0, 0, 0, 0, 0, 2, 0, 0, 0, 0, 0, 0, 0, 0, 0, 0, 0, 0, 0, 0, 0, 0, 0, 0, 0, 0, -3669.522/T + (1.6881789999999999) + (0.00495893*T) + (0.3980139999999999*log(T)), 9.765196412390642 - (5823.370780047637)/(T + 51.81300812563822), 70264.76834882055 - (-0.09495462016797196/T**2) - (-7.621254623786818/T)
0.005108490907996343, 85.42193184662926, C(CC(=O)O)CC(=O)O, 5, 0, 0, 0, 0, 0, 0, 0, 0, 2, 0, 0, 0, 0, 0, 0, 0, 0, 0, 0, 0, 0, 0, 0, 0, 0, 0, 0, 0, 0, -4080.77/T + (2.5850980000000003) + (0.0024728600000000003*T) + (0.5383259999999999*log(T)), 9.036199191743489 - (5318.250510885497)/(T + 27.43295229276059), 78139.43034946144 - (-0.04735083617404787/T**2) - (-10.307977901794068/T)
0.0019235279174405185, 89.86597710943738, C(CCC(=O)O)CC(=O)O, 6, 0, 0, 0, 0, 0, 0, 0, 0, 2, 0, 0, 0, 0, 0, 0, 0, 0, 0, 0, 0, 0, 0, 0, 0, 0, 0, 0, 0, 0, -4492.018/T + (3.482017) + (-1.3209999999999611e-05*T) + (0.6786379999999999*log(T)), 8.42497463174087 - (4938.5589035977455)/(T + 7.703440947988139), 86014.09235010232 - (0.0002529478198762536/T**2) - (-12.994701179801314/T)
0.0007242764479391545, 94.3100223722455, C(CCC(=O)O)CCC(=O)O, 7, 0, 0, 0, 0, 0, 0, 0, 0, 2, 0, 0, 0, 0, 0, 0, 0, 0, 0, 0, 0, 0, 0, 0, 0, 0, 0, 0, 0, 0, -4903.266/T + (4.3789359999999995) + (-0.0024992799999999996*T) + (0.8189499999999998*log(T)), 7.901062693724228 - (4646.469670154579)/(T + -8.583786354909494), 93888.75435074323 - (0.047856731813800374/T**2) - (-15.681424457808564/T)
0.0002727157574803321, 98.75406763505362, C(CCCC(=O)O)CCC(=O)O, 8, 0, 0, 0, 0, 0, 0, 0, 0, 2, 0, 0, 0, 0, 0, 0, 0, 0, 0, 0, 0, 0, 0, 0, 0, 0, 0, 0, 0, 0, -5314.514/T + (5.275855) + (-0.0049853499999999995*T) + (0.9592619999999998*log(T)), 7.443672451913052 - (4417.739075407745)/(T + -22.252661579300156), 101763.4163513841 - (0.09546051580772438/T**2) - (-18.368147735815807/T)
0.00010268715017545294, 103.19811289786173, C(CCCC(=O)O)CCCC(=O)O, 9, 0, 0, 0, 0, 0, 0, 0, 0, 2, 0, 0, 0, 0, 0, 0, 0, 0, 0, 0, 0, 0, 0, 0, 0, 0, 0, 0, 0, 0, -5725.762000000001/T + (6.172774) + (-0.007471420000000001*T) + (1.0995739999999998*log(T)), 7.038127707153007 - (4236.176317700749)/(T + -33.884202231555186), 109638.07835202498 - (0.14306429980164845/T**2) - (-21.054871013823053/T)
3.866535219152672e-05, 107.64215816066985, C(CCCCC(=O)O)CCCC(=O)O, 10, 0, 0, 0, 0, 0, 0, 0, 0, 2, 0, 0, 0, 0, 0, 0, 0, 0, 0, 0, 0, 0, 0, 0, 0, 0, 0, 0, 0, 0, -6137.01/T + (7.069693000000001) + (-0.009957490000000001*T) + (1.2398859999999998*log(T)), 6.673773145298533 - (4090.5915149257316)/(T + -43.89979084084168), 117512.74035266587 - (0.19066808379557257/T**2) - (-23.741594291830303/T)
0.005108490907996343, 85.42193184662926, CC(CC(=O)O)C(=O)O, 5, 0, 0, 0, 0, 0, 0, 0, 0, 2, 0, 0, 0, 0, 0, 0, 0, 0, 0, 0, 0, 0, 0, 0, 0, 0, 0, 0, 0, 0, -4080.77/T + (2.5850980000000003) + (0.0024728600000000003*T) + (0.5383259999999999*log(T)), 9.036199191743489 - (5318.250510885497)/(T + 27.43295229276059), 78139.43034946144 - (-0.04735083617404787/T**2) - (-10.307977901794068/T)
0.0019235279174405185, 89.86597710943738, CC(CCC(=O)O)C(=O)O, 6, 0, 0, 0, 0, 0, 0, 0, 0, 2, 0, 0, 0, 0, 0, 0, 0, 0, 0, 0, 0, 0, 0, 0, 0, 0, 0, 0, 0, 0, -4492.018/T + (3.482017) + (-1.3209999999999611e-05*T) + (0.6786379999999999*log(T)), 8.42497463174087 - (4938.5589035977455)/(T + 7.703440947988139), 86014.09235010232 - (0.0002529478198762536/T**2) - (-12.994701179801314/T)
0.0007242764479391545, 94.3100223722455, CC(C)(CCC(=O)O)C(=O)O, 7, 0, 0, 0, 0, 0, 0, 0, 0, 2, 0, 0, 0, 0, 0, 0, 0, 0, 0, 0, 0, 0, 0, 0, 0, 0, 0, 0, 0, 0, -4903.266/T + (4.3789359999999995) + (-0.0024992799999999996*T) + (0.8189499999999998*log(T)), 7.901062693724228 - (4646.469670154579)/(T + -8.583786354909494), 93888.75435074323 - (0.047856731813800374/T**2) - (-15.681424457808564/T)
9.75004521037893e-05, 99.04484168552213, CC1(C(CC1C(=O)O)CC(=O)O)C, 9, 0, 0, 1, 0, 0, 0, 0, 0, 2, 0, 0, 0, 0, 0, 0, 0, 0, 0, 0, 0, 0, 0, 0, 0, 0, 0, 0, 0, 0, -5813.039000000001/T + (7.9533640000000005) + (-0.010543290000000002*T) + (0.9952329999999998*log(T)), 5.316644592981666 - (3526.228863069369)/(T + -52.069796979248004), 111309.27645008244 - (0.20188510369591353/T**2) - (-19.05692790453408/T)
0.00025894096393490215, 94.60079642271401, CC1(C(CC1C(=O)O)C(=O)O)C, 8, 0, 0, 1, 0, 0, 0, 0, 0, 2, 0, 0, 0, 0, 0, 0, 0, 0, 0, 0, 0, 0, 0, 0, 0, 0, 0, 0, 0, 0, -5401.791/T + (7.056445) + (-0.008057219999999999*T) + (0.8549209999999998*log(T)), 5.651792936022495 - (3647.1694559722328)/(T + -42.05681259117478), 103434.61444944156 - (0.15428131970198947/T**2) - (-16.370204626526835/T)
0.0005912859980194079, 85.04070693232339, C(CC(=O)O)C(=O)C(=O)O, 5, 0, 0, 0, 0, 0, 0, 0, 1, 2, 0, 0, 0, 0, 0, 0, 0, 0, 0, 0, 0, 0, 0, 0, 0, 0, 0, 0, 0, 0, -4094.5156/T + (3.1085840000000005) + (0.0030231580000000006*T) + (0.2613759999999999*log(T)), 8.090180770664128 - (5336.086508501868)/(T + 28.713817832863953), 78402.63394922609 - (-0.057888056414945516/T**2) - (-5.0048818598011735/T)
0.0005912859980194079, 85.04070693232339, C(C(=O)CC(=O)O)C(=O)O, 5, 0, 0, 0, 0, 0, 0, 0, 1, 2, 0, 0, 0, 0, 0, 0, 0, 0, 0, 0, 0, 0, 0, 0, 0, 0, 0, 0, 0, 0, -4094.5156/T + (3.1085840000000005) + (0.0030231580000000006*T) + (0.2613759999999999*log(T)), 8.090180770664128 - (5336.086508501868)/(T + 28.713817832863953), 78402.63394922609 - (-0.057888056414945516/T**2) - (-5.0048818598011735/T)
0.00022264013871527166, 89.4847521951315, C(CC(=O)C(=O)O)CC(=O)O, 6, 0, 0, 0, 0, 0, 0, 0, 1, 2, 0, 0, 0, 0, 0, 0, 0, 0, 0, 0, 0, 0, 0, 0, 0, 0, 0, 0, 0, 0, -4505.7636/T + (4.005503) + (0.0005370879999999998*T) + (0.4016879999999999*log(T)), 7.473066011111637 - (4950.328573479142)/(T + 8.72366087722373), 86277.29594986697 - (-0.010284272421021395/T**2) - (-7.69160513780842/T)
0.00022264013871527166, 89.4847521951315, C(CC(=O)O)C(=O)CC(=O)O, 6, 0, 0, 0, 0, 0, 0, 0, 1, 2, 0, 0, 0, 0, 0, 0, 0, 0, 0, 0, 0, 0, 0, 0, 0, 0, 0, 0, 0, 0, -4505.7636/T + (4.005503) + (0.0005370879999999998*T) + (0.4016879999999999*log(T)), 7.473066011111637 - (4950.328573479142)/(T + 8.72366087722373), 86277.29594986697 - (-0.010284272421021395/T**2) - (-7.69160513780842/T)
1.188559893103072e-05, 102.81688798355586, C(CC(=O)CCCC(=O)O)CC(=O)O, 9, 0, 0, 0, 0, 0, 0, 0, 1, 2, 0, 0, 0, 0, 0, 0, 0, 0, 0, 0, 0, 0, 0, 0, 0, 0, 0, 0, 0, 0, -5739.507600000001/T + (6.6962600000000005) + (-0.006921122*T) + (0.8226239999999998*log(T)), 6.076175773600444 - (4238.528558163857)/(T + -33.31849164043717), 109901.28195178963 - (0.1325270795607508/T**2) - (-15.751774971830159/T)
6.230651347027796e-06, 123.78227488456108, C(CCCCCCCO)CCCCCCC(=O)O, 15, 0, 0, 0, 0, 0, 1, 0, 0, 1, 0, 0, 0, 0, 0, 0, 0, 0, 0, 0, 0, 0, 0, 0, 0, 0, 0, 0, 0, 0, -8119.827000000001/T + (13.474974) + (-0.02511959*T) + (1.937182*log(T)), 4.943047495688355 - (3149.88591896709)/(T + -90.14928702100435), 155480.13152326067 - (0.4809951193554227/T**2) - (-37.093562725473475/T)
2.346061102132222e-06, 128.2263201473692, C(CCCCCCCC(=O)O)CCCCCCCO, 16, 0, 0, 0, 0, 0, 1, 0, 0, 1, 0, 0, 0, 0, 0, 0, 0, 0, 0, 0, 0, 0, 0, 0, 0, 0, 0, 0, 0, 0, -8531.075/T + (14.371893) + (-0.027605659999999997*T) + (2.0774939999999997*log(T)), 4.738648044281238 - (3129.033870399424)/(T + -94.46517719176038), 163354.79352390155 - (0.5285989033493468/T**2) - (-39.780286003480725/T)
3.3262206634072234e-07, 137.11441067298543, CCCCCCC(CCCCCCCCCCC(=O)O)O, 18, 0, 0, 0, 0, 0, 1, 0, 0, 1, 0, 0, 0, 0, 0, 0, 0, 0, 0, 0, 0, 0, 0, 0, 0, 0, 0, 0, 0, 0, -9353.571/T + (16.165731) + (-0.0325778*T) + (2.3581179999999997*log(T)), 4.356444535879932 - (3105.415818951958)/(T + -101.92349420334669), 179104.1175251833 - (0.6238064713371949/T**2) - (-45.15373255949521/T)
